player_id,matches,innings,NO,runs,BF,Ave,SR,50s,100s,Ct,St,Bowl_innings,balls,runs_given,wkts,Ave,Eco,SR
16406,0,0,0,0,0,0,0,0,0,0,0,0,0,0,0,0,0,0
51221,0,0,0,0,0,0,0,0,0,0,0,0,0,0,0,0,0,0
29299,0,0,0,0,0,0,0,0,0,0,0,0,0,0,0,0,0,0
39020,0,0,0,0,0,0,0,0,0,0,0,0,0,0,0,0,0,0
37241,0,0,0,0,0,0,0,0,0,0,0,0,0,0,0,0,0,0
37749,0,0,0,0,0,0,0,0,0,0,0,0,0,0,0,0,0,0
786925,0,0,0,0,0,0,0,0,0,0,0,0,0,0,0,0,0,0
307528,0,0,0,0,0,0,0,0,0,0,0,0,0,0,0,0,0,0
52430,0,0,0,0,0,0,0,0,0,0,0,0,0,0,0,0,0,0
50249,0,0,0,0,0,0,0,0,0,0,0,0,0,0,0,0,0,0
297488,0,0,0,0,0,0,0,0,0,0,0,0,0,0,0,0,0,0
937673,0,0,0,0,0,0,0,0,0,0,0,0,0,0,0,0,0,0
46592,0,0,0,0,0,0,0,0,0,0,0,0,0,0,0,0,0,0
38108,0,0,0,0,0,0,0,0,0,0,0,0,0,0,0,0,0,0
14246,0,0,0,0,0,0,0,0,0,0,0,0,0,0,0,0,0,0
24770,0,0,0,0,0,0,0,0,0,0,0,0,0,0,0,0,0,0
32498,0,0,0,0,0,0,0,0,0,0,0,0,0,0,0,0,0,0
495964,0,0,0,0,0,0,0,0,0,0,0,0,0,0,0,0,0,0
52671,0,0,0,0,0,0,0,0,0,0,0,0,0,0,0,0,0,0
56221,0,0,0,0,0,0,0,0,0,0,0,0,0,0,0,0,0,0
28671,0,0,0,0,0,0,0,0,0,0,0,0,0,0,0,0,0,0
27603,0,0,0,0,0,0,0,0,0,0,0,0,0,0,0,0,0,0
418617,0,0,0,0,0,0,0,0,0,0,0,0,0,0,0,0,0,0
23879,0,0,0,0,0,0,0,0,0,0,0,0,0,0,0,0,0,0
51248,0,0,0,0,0,0,0,0,0,0,0,0,0,0,0,0,0,0
50242,0,0,0,0,0,0,0,0,0,0,0,0,0,0,0,0,0,0
51107,0,0,0,0,0,0,0,0,0,0,0,0,0,0,0,0,0,0
12794,0,0,0,0,0,0,0,0,0,0,0,0,0,0,0,0,0,0
42059,0,0,0,0,0,0,0,0,0,0,0,0,0,0,0,0,0,0
232435,0,0,0,0,0,0,0,0,0,0,0,0,0,0,0,0,0,0
922943,0,0,0,0,0,0,0,0,0,0,0,0,0,0,0,0,0,0
34103,0,0,0,0,0,0,0,0,0,0,0,0,0,0,0,0,0,0
30912,0,0,0,0,0,0,0,0,0,0,0,0,0,0,0,0,0,0
33044,0,0,0,0,0,0,0,0,0,0,0,0,0,0,0,0,0,0
315586,0,0,0,0,0,0,0,0,0,0,0,0,0,0,0,0,0,0
318339,0,0,0,0,0,0,0,0,0,0,0,0,0,0,0,0,0,0
230860,0,0,0,0,0,0,0,0,0,0,0,0,0,0,0,0,0,0
42421,0,0,0,0,0,0,0,0,0,0,0,0,0,0,0,0,0,0
36303,0,0,0,0,0,0,0,0,0,0,0,0,0,0,0,0,0,0
52047,0,0,0,0,0,0,0,0,0,0,0,0,0,0,0,0,0,0
373696,0,0,0,0,0,0,0,0,0,0,0,0,0,0,0,0,0,0
43550,0,0,0,0,0,0,0,0,0,0,0,0,0,0,0,0,0,0
23852,0,0,0,0,0,0,0,0,0,0,0,0,0,0,0,0,0,0
41316,0,0,0,0,0,0,0,0,0,0,0,0,0,0,0,0,0,0
56031,0,0,0,0,0,0,0,0,0,0,0,0,0,0,0,0,0,0
24701,0,0,0,0,0,0,0,0,0,0,0,0,0,0,0,0,0,0
48456,0,0,0,0,0,0,0,0,0,0,0,0,0,0,0,0,0,0
43695,0,0,0,0,0,0,0,0,0,0,0,0,0,0,0,0,0,0
48290,0,0,0,0,0,0,0,0,0,0,0,0,0,0,0,0,0,0
15522,0,0,0,0,0,0,0,0,0,0,0,0,0,0,0,0,0,0
9230,0,0,0,0,0,0,0,0,0,0,0,0,0,0,0,0,0,0
465783,0,0,0,0,0,0,0,0,0,0,0,0,0,0,0,0,0,0
538506,0,0,0,0,0,0,0,0,0,0,0,0,0,0,0,0,0,0
39011,0,0,0,0,0,0,0,0,0,0,0,0,0,0,0,0,0,0
55412,0,0,0,0,0,0,0,0,0,0,0,0,0,0,0,0,0,0
25606,0,0,0,0,0,0,0,0,0,0,0,0,0,0,0,0,0,0
47663,0,0,0,0,0,0,0,0,0,0,0,0,0,0,0,0,0,0
327947,0,0,0,0,0,0,0,0,0,0,0,0,0,0,0,0,0,0
4451,0,0,0,0,0,0,0,0,0,0,0,0,0,0,0,0,0,0
793467,0,0,0,0,0,0,0,0,0,0,0,0,0,0,0,0,0,0
307657,0,0,0,0,0,0,0,0,0,0,0,0,0,0,0,0,0,0
559235,0,0,0,0,0,0,0,0,0,0,0,0,0,0,0,0,0,0
40094,0,0,0,0,0,0,0,0,0,0,0,0,0,0,0,0,0,0
453289,0,0,0,0,0,0,0,0,0,0,0,0,0,0,0,0,0,0
38120,0,0,0,0,0,0,0,0,0,0,0,0,0,0,0,0,0,0
317252,0,0,0,0,0,0,0,0,0,0,0,0,0,0,0,0,0,0
302875,0,0,0,0,0,0,0,0,0,0,0,0,0,0,0,0,0,0
43692,0,0,0,0,0,0,0,0,0,0,0,0,0,0,0,0,0,0
235516,0,0,0,0,0,0,0,0,0,0,0,0,0,0,0,0,0,0
384817,0,0,0,0,0,0,0,0,0,0,0,0,0,0,0,0,0,0
49289,0,0,0,0,0,0,0,0,0,0,0,0,0,0,0,0,0,0
25917,0,0,0,0,0,0,0,0,0,0,0,0,0,0,0,0,0,0
492924,0,0,0,0,0,0,0,0,0,0,0,0,0,0,0,0,0,0
501012,0,0,0,0,0,0,0,0,0,0,0,0,0,0,0,0,0,0
303427,0,0,0,0,0,0,0,0,0,0,0,0,0,0,0,0,0,0
6950,0,0,0,0,0,0,0,0,0,0,0,0,0,0,0,0,0,0
230371,0,0,0,0,0,0,0,0,0,0,0,0,0,0,0,0,0,0
43524,0,0,0,0,0,0,0,0,0,0,0,0,0,0,0,0,0,0
25430,0,0,0,0,0,0,0,0,0,0,0,0,0,0,0,0,0,0
56097,0,0,0,0,0,0,0,0,0,0,0,0,0,0,0,0,0,0
24990,0,0,0,0,0,0,0,0,0,0,0,0,0,0,0,0,0,0
48321,0,0,0,0,0,0,0,0,0,0,0,0,0,0,0,0,0,0
47267,0,0,0,0,0,0,0,0,0,0,0,0,0,0,0,0,0,0
53191,0,0,0,0,0,0,0,0,0,0,0,0,0,0,0,0,0,0
42634,0,0,0,0,0,0,0,0,0,0,0,0,0,0,0,0,0,0
42051,0,0,0,0,0,0,0,0,0,0,0,0,0,0,0,0,0,0
277916,0,0,0,0,0,0,0,0,0,0,0,0,0,0,0,0,0,0
51218,0,0,0,0,0,0,0,0,0,0,0,0,0,0,0,0,0,0
44489,0,0,0,0,0,0,0,0,0,0,0,0,0,0,0,0,0,0
24230,0,0,0,0,0,0,0,0,0,0,0,0,0,0,0,0,0,0
43656,0,0,0,0,0,0,0,0,0,0,0,0,0,0,0,0,0,0
38714,0,0,0,0,0,0,0,0,0,0,0,0,0,0,0,0,0,0
56077,0,0,0,0,0,0,0,0,0,0,0,0,0,0,0,0,0,0
42066,0,0,0,0,0,0,0,0,0,0,0,0,0,0,0,0,0,0
36069,0,0,0,0,0,0,0,0,0,0,0,0,0,0,0,0,0,0
55991,0,0,0,0,0,0,0,0,0,0,0,0,0,0,0,0,0,0
24729,0,0,0,0,0,0,0,0,0,0,0,0,0,0,0,0,0,0
17102,0,0,0,0,0,0,0,0,0,0,0,0,0,0,0,0,0,0
55582,0,0,0,0,0,0,0,0,0,0,0,0,0,0,0,0,0,0
51877,0,0,0,0,0,0,0,0,0,0,0,0,0,0,0,0,0,0
42683,0,0,0,0,0,0,0,0,0,0,0,0,0,0,0,0,0,0
585100,0,0,0,0,0,0,0,0,0,0,0,0,0,0,0,0,0,0
37770,0,0,0,0,0,0,0,0,0,0,0,0,0,0,0,0,0,0
214696,0,0,0,0,0,0,0,0,0,0,0,0,0,0,0,0,0,0
50244,0,0,0,0,0,0,0,0,0,0,0,0,0,0,0,0,0,0
23856,0,0,0,0,0,0,0,0,0,0,0,0,0,0,0,0,0,0
302845,0,0,0,0,0,0,0,0,0,0,0,0,0,0,0,0,0,0
209457,0,0,0,0,0,0,0,0,0,0,0,0,0,0,0,0,0,0
24888,0,0,0,0,0,0,0,0,0,0,0,0,0,0,0,0,0,0
568136,0,0,0,0,0,0,0,0,0,0,0,0,0,0,0,0,0,0
378496,0,0,0,0,0,0,0,0,0,0,0,0,0,0,0,0,0,0
32168,0,0,0,0,0,0,0,0,0,0,0,0,0,0,0,0,0,0
5616,0,0,0,0,0,0,0,0,0,0,0,0,0,0,0,0,0,0
39037,0,0,0,0,0,0,0,0,0,0,0,0,0,0,0,0,0,0
1126253,0,0,0,0,0,0,0,0,0,0,0,0,0,0,0,0,0,0
24598,0,0,0,0,0,0,0,0,0,0,0,0,0,0,0,0,0,0
39019,0,0,0,0,0,0,0,0,0,0,0,0,0,0,0,0,0,0
23694,0,0,0,0,0,0,0,0,0,0,0,0,0,0,0,0,0,0
440977,0,0,0,0,0,0,0,0,0,0,0,0,0,0,0,0,0,0
55973,0,0,0,0,0,0,0,0,0,0,0,0,0,0,0,0,0,0
49863,0,0,0,0,0,0,0,0,0,0,0,0,0,0,0,0,0,0
49634,0,0,0,0,0,0,0,0,0,0,0,0,0,0,0,0,0,0
30042,0,0,0,0,0,0,0,0,0,0,0,0,0,0,0,0,0,0
41963,0,0,0,0,0,0,0,0,0,0,0,0,0,0,0,0,0,0
350632,0,0,0,0,0,0,0,0,0,0,0,0,0,0,0,0,0,0
20372,0,0,0,0,0,0,0,0,0,0,0,0,0,0,0,0,0,0
295644,0,0,0,0,0,0,0,0,0,0,0,0,0,0,0,0,0,0
30176,0,0,0,0,0,0,0,0,0,0,0,0,0,0,0,0,0,0
39024,0,0,0,0,0,0,0,0,0,0,0,0,0,0,0,0,0,0
46978,0,0,0,0,0,0,0,0,0,0,0,0,0,0,0,0,0,0
36312,0,0,0,0,0,0,0,0,0,0,0,0,0,0,0,0,0,0
232443,0,0,0,0,0,0,0,0,0,0,0,0,0,0,0,0,0,0
56208,0,0,0,0,0,0,0,0,0,0,0,0,0,0,0,0,0,0
10653,0,0,0,0,0,0,0,0,0,0,0,0,0,0,0,0,0,0
11724,0,0,0,0,0,0,0,0,0,0,0,0,0,0,0,0,0,0
50837,0,0,0,0,0,0,0,0,0,0,0,0,0,0,0,0,0,0
40572,0,0,0,0,0,0,0,0,0,0,0,0,0,0,0,0,0,0
37701,0,0,0,0,0,0,0,0,0,0,0,0,0,0,0,0,0,0
56059,0,0,0,0,0,0,0,0,0,0,0,0,0,0,0,0,0,0
302850,0,0,0,0,0,0,0,0,0,0,0,0,0,0,0,0,0,0
38952,0,0,0,0,0,0,0,0,0,0,0,0,0,0,0,0,0,0
30116,0,0,0,0,0,0,0,0,0,0,0,0,0,0,0,0,0,0
32226,0,0,0,0,0,0,0,0,0,0,0,0,0,0,0,0,0,0
38255,0,0,0,0,0,0,0,0,0,0,0,0,0,0,0,0,0,0
55427,0,0,0,0,0,0,0,0,0,0,0,0,0,0,0,0,0,0
55986,0,0,0,0,0,0,0,0,0,0,0,0,0,0,0,0,0,0
670031,0,0,0,0,0,0,0,0,0,0,0,0,0,0,0,0,0,0
38617,0,0,0,0,0,0,0,0,0,0,0,0,0,0,0,0,0,0
303437,0,0,0,0,0,0,0,0,0,0,0,0,0,0,0,0,0,0
638713,0,0,0,0,0,0,0,0,0,0,0,0,0,0,0,0,0,0
55758,0,0,0,0,0,0,0,0,0,0,0,0,0,0,0,0,0,0
43277,0,0,0,0,0,0,0,0,0,0,0,0,0,0,0,0,0,0
557295,0,0,0,0,0,0,0,0,0,0,0,0,0,0,0,0,0,0
429738,0,0,0,0,0,0,0,0,0,0,0,0,0,0,0,0,0,0
22363,0,0,0,0,0,0,0,0,0,0,0,0,0,0,0,0,0,0
42430,0,0,0,0,0,0,0,0,0,0,0,0,0,0,0,0,0,0
436677,0,0,0,0,0,0,0,0,0,0,0,0,0,0,0,0,0,0
43703,0,0,0,0,0,0,0,0,0,0,0,0,0,0,0,0,0,0
417268,0,0,0,0,0,0,0,0,0,0,0,0,0,0,0,0,0,0
6278,0,0,0,0,0,0,0,0,0,0,0,0,0,0,0,0,0,0
52912,0,0,0,0,0,0,0,0,0,0,0,0,0,0,0,0,0,0
40104,0,0,0,0,0,0,0,0,0,0,0,0,0,0,0,0,0,0
827051,0,0,0,0,0,0,0,0,0,0,0,0,0,0,0,0,0,0
23691,0,0,0,0,0,0,0,0,0,0,0,0,0,0,0,0,0,0
42044,0,0,0,0,0,0,0,0,0,0,0,0,0,0,0,0,0,0
16219,0,0,0,0,0,0,0,0,0,0,0,0,0,0,0,0,0,0
6943,0,0,0,0,0,0,0,0,0,0,0,0,0,0,0,0,0,0
37491,0,0,0,0,0,0,0,0,0,0,0,0,0,0,0,0,0,0
20431,0,0,0,0,0,0,0,0,0,0,0,0,0,0,0,0,0,0
12486,0,0,0,0,0,0,0,0,0,0,0,0,0,0,0,0,0,0
38966,0,0,0,0,0,0,0,0,0,0,0,0,0,0,0,0,0,0
9062,0,0,0,0,0,0,0,0,0,0,0,0,0,0,0,0,0,0
518097,0,0,0,0,0,0,0,0,0,0,0,0,0,0,0,0,0,0
47666,0,0,0,0,0,0,0,0,0,0,0,0,0,0,0,0,0,0
55944,0,0,0,0,0,0,0,0,0,0,0,0,0,0,0,0,0,0
38707,0,0,0,0,0,0,0,0,0,0,0,0,0,0,0,0,0,0
401540,0,0,0,0,0,0,0,0,0,0,0,0,0,0,0,0,0,0
24124,0,0,0,0,0,0,0,0,0,0,0,0,0,0,0,0,0,0
48487,0,0,0,0,0,0,0,0,0,0,0,0,0,0,0,0,0,0
448243,0,0,0,0,0,0,0,0,0,0,0,0,0,0,0,0,0,0
51462,1,1,0,51,67,51.0,0.7611940298507462,1,0,0,0,0,0,0,0,0,0,0
32685,0,0,0,0,0,0,0,0,0,0,0,0,0,0,0,0,0,0
36581,0,0,0,0,0,0,0,0,0,0,0,0,0,0,0,0,0,0
23824,0,0,0,0,0,0,0,0,0,0,0,0,0,0,0,0,0,0
267414,0,0,0,0,0,0,0,0,0,0,0,0,0,0,0,0,0,0
23777,0,0,0,0,0,0,0,0,0,0,0,0,0,0,0,0,0,0
55946,0,0,0,0,0,0,0,0,0,0,0,0,0,0,0,0,0,0
698189,0,0,0,0,0,0,0,0,0,0,0,0,0,0,0,0,0,0
40369,0,0,0,0,0,0,0,0,0,0,0,0,0,0,0,0,0,0
35320,0,0,0,0,0,0,0,0,0,0,0,0,0,0,0,0,0,0
4127,0,0,0,0,0,0,0,0,0,0,0,0,0,0,0,0,0,0
30954,0,0,0,0,0,0,0,0,0,0,0,0,0,0,0,0,0,0
222728,0,0,0,0,0,0,0,0,0,0,0,0,0,0,0,0,0,0
25913,0,0,0,0,0,0,0,0,0,0,0,0,0,0,0,0,0,0
24799,0,0,0,0,0,0,0,0,0,0,0,0,0,0,0,0,0,0
25102,0,0,0,0,0,0,0,0,0,0,0,0,0,0,0,0,0,0
16274,0,0,0,0,0,0,0,0,0,0,0,0,0,0,0,0,0,0
52983,0,0,0,0,0,0,0,0,0,0,0,0,0,0,0,0,0,0
51110,0,0,0,0,0,0,0,0,0,0,0,0,0,0,0,0,0,0
291088,0,0,0,0,0,0,0,0,0,0,0,0,0,0,0,0,0,0
452472,0,0,0,0,0,0,0,0,0,0,0,0,0,0,0,0,0,0
55737,0,0,0,0,0,0,0,0,0,0,0,0,0,0,0,0,0,0
351588,0,0,0,0,0,0,0,0,0,0,0,0,0,0,0,0,0,0
494847,0,0,0,0,0,0,0,0,0,0,0,0,0,0,0,0,0,0
50421,0,0,0,0,0,0,0,0,0,0,0,0,0,0,0,0,0,0
310519,0,0,0,0,0,0,0,0,0,0,0,0,0,0,0,0,0,0
11728,0,0,0,0,0,0,0,0,0,0,0,0,0,0,0,0,0,0
227771,0,0,0,0,0,0,0,0,0,0,0,0,0,0,0,0,0,0
31038,0,0,0,0,0,0,0,0,0,0,0,0,0,0,0,0,0,0
23760,0,0,0,0,0,0,0,0,0,0,0,0,0,0,0,0,0,0
56143,0,0,0,0,0,0,0,0,0,0,0,0,0,0,0,0,0,0
43685,0,0,0,0,0,0,0,0,0,0,0,0,0,0,0,0,0,0
55395,0,0,0,0,0,0,0,0,0,0,0,0,0,0,0,0,0,0
48447,0,0,0,0,0,0,0,0,0,0,0,0,0,0,0,0,0,0
37735,0,0,0,0,0,0,0,0,0,0,0,0,0,0,0,0,0,0
38409,0,0,0,0,0,0,0,0,0,0,0,0,0,0,0,0,0,0
260519,0,0,0,0,0,0,0,0,0,0,0,0,0,0,0,0,0,0
15555,0,0,0,0,0,0,0,0,0,0,0,0,0,0,0,0,0,0
362541,0,0,0,0,0,0,0,0,0,0,0,0,0,0,0,0,0,0
306982,0,0,0,0,0,0,0,0,0,0,0,0,0,0,0,0,0,0
36299,0,0,0,0,0,0,0,0,0,0,0,0,0,0,0,0,0,0
414985,0,0,0,0,0,0,0,0,0,0,0,0,0,0,0,0,0,0
37095,0,0,0,0,0,0,0,0,0,0,0,0,0,0,0,0,0,0
511532,0,0,0,0,0,0,0,0,0,0,0,0,0,0,0,0,0,0
272450,0,0,0,0,0,0,0,0,0,0,0,0,0,0,0,0,0,0
274921,0,0,0,0,0,0,0,0,0,0,0,0,0,0,0,0,0,0
6044,0,0,0,0,0,0,0,0,0,0,0,0,0,0,0,0,0,0
20387,0,0,0,0,0,0,0,0,0,0,0,0,0,0,0,0,0,0
24289,0,0,0,0,0,0,0,0,0,0,0,0,0,0,0,0,0,0
24837,0,0,0,0,0,0,0,0,0,0,0,0,0,0,0,0,0,0
25879,0,0,0,0,0,0,0,0,0,0,0,0,0,0,0,0,0,0
44851,0,0,0,0,0,0,0,0,0,0,0,0,0,0,0,0,0,0
39021,0,0,0,0,0,0,0,0,0,0,0,0,0,0,0,0,0,0
39008,0,0,0,0,0,0,0,0,0,0,0,0,0,0,0,0,0,0
50248,0,0,0,0,0,0,0,0,0,0,0,0,0,0,0,0,0,0
36993,0,0,0,0,0,0,0,0,0,0,0,0,0,0,0,0,0,0
55259,0,0,0,0,0,0,0,0,0,0,0,0,0,0,0,0,0,0
247009,0,0,0,0,0,0,0,0,0,0,0,0,0,0,0,0,0,0
34028,0,0,0,0,0,0,0,0,0,0,0,0,0,0,0,0,0,0
29998,0,0,0,0,0,0,0,0,0,0,0,0,0,0,0,0,0,0
437316,0,0,0,0,0,0,0,0,0,0,0,0,0,0,0,0,0,0
7946,0,0,0,0,0,0,0,0,0,0,0,0,0,0,0,0,0,0
38252,0,0,0,0,0,0,0,0,0,0,0,0,0,0,0,0,0,0
28090,0,0,0,0,0,0,0,0,0,0,0,0,0,0,0,0,0,0
8845,0,0,0,0,0,0,0,0,0,0,0,0,0,0,0,0,0,0
552152,0,0,0,0,0,0,0,0,0,0,0,0,0,0,0,0,0,0
5597,0,0,0,0,0,0,0,0,0,0,0,0,0,0,0,0,0,0
51235,0,0,0,0,0,0,0,0,0,0,0,0,0,0,0,0,0,0
23863,0,0,0,0,0,0,0,0,0,0,0,0,0,0,0,0,0,0
18023,0,0,0,0,0,0,0,0,0,0,0,0,0,0,0,0,0,0
32323,0,0,0,0,0,0,0,0,0,0,0,0,0,0,0,0,0,0
208755,0,0,0,0,0,0,0,0,0,0,0,0,0,0,0,0,0,0
6513,0,0,0,0,0,0,0,0,0,0,0,0,0,0,0,0,0,0
50860,0,0,0,0,0,0,0,0,0,0,0,0,0,0,0,0,0,0
56188,0,0,0,0,0,0,0,0,0,0,0,0,0,0,0,0,0,0
16876,0,0,0,0,0,0,0,0,0,0,0,0,0,0,0,0,0,0
56149,0,0,0,0,0,0,0,0,0,0,0,0,0,0,0,0,0,0
24697,0,0,0,0,0,0,0,0,0,0,0,0,0,0,0,0,0,0
330902,0,0,0,0,0,0,0,0,0,0,0,0,0,0,0,0,0,0
25635,0,0,0,0,0,0,0,0,0,0,0,0,0,0,0,0,0,0
38060,1,0,0,0,0,0,0,0,0,0,0,1,48,62,2,31.0,7.75,24.0
51300,0,0,0,0,0,0,0,0,0,0,0,0,0,0,0,0,0,0
49363,0,0,0,0,0,0,0,0,0,0,0,0,0,0,0,0,0,0
53132,0,0,0,0,0,0,0,0,0,0,0,0,0,0,0,0,0,0
44407,0,0,0,0,0,0,0,0,0,0,0,0,0,0,0,0,0,0
18632,0,0,0,0,0,0,0,0,0,0,0,0,0,0,0,0,0,0
257574,0,0,0,0,0,0,0,0,0,0,0,0,0,0,0,0,0,0
56222,0,0,0,0,0,0,0,0,0,0,0,0,0,0,0,0,0,0
24251,0,0,0,0,0,0,0,0,0,0,0,0,0,0,0,0,0,0
12856,0,0,0,0,0,0,0,0,0,0,0,0,0,0,0,0,0,0
41263,0,0,0,0,0,0,0,0,0,0,0,0,0,0,0,0,0,0
51786,0,0,0,0,0,0,0,0,0,0,0,0,0,0,0,0,0,0
24773,0,0,0,0,0,0,0,0,0,0,0,0,0,0,0,0,0,0
56056,0,0,0,0,0,0,0,0,0,0,0,0,0,0,0,0,0,0
41301,0,0,0,0,0,0,0,0,0,0,0,0,0,0,0,0,0,0
8105,0,0,0,0,0,0,0,0,0,0,0,0,0,0,0,0,0,0
297583,0,0,0,0,0,0,0,0,0,0,0,0,0,0,0,0,0,0
56044,0,0,0,0,0,0,0,0,0,0,0,0,0,0,0,0,0,0
529349,0,0,0,0,0,0,0,0,0,0,0,0,0,0,0,0,0,0
37703,0,0,0,0,0,0,0,0,0,0,0,0,0,0,0,0,0,0
25609,0,0,0,0,0,0,0,0,0,0,0,0,0,0,0,0,0,0
44932,0,0,0,0,0,0,0,0,0,0,0,0,0,0,0,0,0,0
24956,0,0,0,0,0,0,0,0,0,0,0,0,0,0,0,0,0,0
4864,0,0,0,0,0,0,0,0,0,0,0,0,0,0,0,0,0,0
498875,0,0,0,0,0,0,0,0,0,0,0,0,0,0,0,0,0,0
25545,0,0,0,0,0,0,0,0,0,0,0,0,0,0,0,0,0,0
52210,0,0,0,0,0,0,0,0,0,0,0,0,0,0,0,0,0,0
362079,0,0,0,0,0,0,0,0,0,0,0,0,0,0,0,0,0,0
521637,0,0,0,0,0,0,0,0,0,0,0,0,0,0,0,0,0,0
46208,0,0,0,0,0,0,0,0,0,0,0,0,0,0,0,0,0,0
355267,0,0,0,0,0,0,0,0,0,0,0,0,0,0,0,0,0,0
50422,0,0,0,0,0,0,0,0,0,0,0,0,0,0,0,0,0,0
41140,0,0,0,0,0,0,0,0,0,0,0,0,0,0,0,0,0,0
55898,0,0,0,0,0,0,0,0,0,0,0,0,0,0,0,0,0,0
41285,0,0,0,0,0,0,0,0,0,0,0,0,0,0,0,0,0,0
52343,0,0,0,0,0,0,0,0,0,0,0,0,0,0,0,0,0,0
25612,0,0,0,0,0,0,0,0,0,0,0,0,0,0,0,0,0,0
499592,0,0,0,0,0,0,0,0,0,0,0,0,0,0,0,0,0,0
53216,1,0,0,0,0,0,0,0,0,0,0,1,60,48,1,48.0,4.800000000000001,60.0
450075,0,0,0,0,0,0,0,0,0,0,0,0,0,0,0,0,0,0
414248,0,0,0,0,0,0,0,0,0,0,0,0,0,0,0,0,0,0
42160,0,0,0,0,0,0,0,0,0,0,0,0,0,0,0,0,0,0
784369,0,0,0,0,0,0,0,0,0,0,0,0,0,0,0,0,0,0
55518,0,0,0,0,0,0,0,0,0,0,0,0,0,0,0,0,0,0
51905,0,0,0,0,0,0,0,0,0,0,0,0,0,0,0,0,0,0
48449,0,0,0,0,0,0,0,0,0,0,0,0,0,0,0,0,0,0
50914,0,0,0,0,0,0,0,0,0,0,0,0,0,0,0,0,0,0
32965,0,0,0,0,0,0,0,0,0,0,0,0,0,0,0,0,0,0
55938,0,0,0,0,0,0,0,0,0,0,0,0,0,0,0,0,0,0
24726,0,0,0,0,0,0,0,0,0,0,0,0,0,0,0,0,0,0
236779,0,0,0,0,0,0,0,0,0,0,0,0,0,0,0,0,0,0
19296,0,0,0,0,0,0,0,0,0,0,0,0,0,0,0,0,0,0
25537,0,0,0,0,0,0,0,0,0,0,0,0,0,0,0,0,0,0
43307,0,0,0,0,0,0,0,0,0,0,0,0,0,0,0,0,0,0
310107,0,0,0,0,0,0,0,0,0,0,0,0,0,0,0,0,0,0
19374,0,0,0,0,0,0,0,0,0,0,0,0,0,0,0,0,0,0
28010,0,0,0,0,0,0,0,0,0,0,0,0,0,0,0,0,0,0
27225,0,0,0,0,0,0,0,0,0,0,0,0,0,0,0,0,0,0
19500,0,0,0,0,0,0,0,0,0,0,0,0,0,0,0,0,0,0
332921,0,0,0,0,0,0,0,0,0,0,0,0,0,0,0,0,0,0
40553,0,0,0,0,0,0,0,0,0,0,0,0,0,0,0,0,0,0
42626,0,0,0,0,0,0,0,0,0,0,0,0,0,0,0,0,0,0
245166,0,0,0,0,0,0,0,0,0,0,0,0,0,0,0,0,0,0
24750,0,0,0,0,0,0,0,0,0,0,0,0,0,0,0,0,0,0
49629,0,0,0,0,0,0,0,0,0,0,0,0,0,0,0,0,0,0
36326,0,0,0,0,0,0,0,0,0,0,0,0,0,0,0,0,0,0
1125866,0,0,0,0,0,0,0,0,0,0,0,0,0,0,0,0,0,0
56238,0,0,0,0,0,0,0,0,0,0,0,0,0,0,0,0,0,0
51651,1,1,1,13,9,0,1.4444444444444444,0,0,0,0,1,54,41,0,0,4.555555555555555,0
25428,0,0,0,0,0,0,0,0,0,0,0,0,0,0,0,0,0,0
56138,0,0,0,0,0,0,0,0,0,0,0,0,0,0,0,0,0,0
45431,0,0,0,0,0,0,0,0,0,0,0,0,0,0,0,0,0,0
323244,0,0,0,0,0,0,0,0,0,0,0,0,0,0,0,0,0,0
55640,0,0,0,0,0,0,0,0,0,0,0,0,0,0,0,0,0,0
243073,0,0,0,0,0,0,0,0,0,0,0,0,0,0,0,0,0,0
43547,0,0,0,0,0,0,0,0,0,0,0,0,0,0,0,0,0,0
310958,0,0,0,0,0,0,0,0,0,0,0,0,0,0,0,0,0,0
39745,0,0,0,0,0,0,0,0,0,0,0,0,0,0,0,0,0,0
293031,0,0,0,0,0,0,0,0,0,0,0,0,0,0,0,0,0,0
21486,0,0,0,0,0,0,0,0,0,0,0,0,0,0,0,0,0,0
24708,0,0,0,0,0,0,0,0,0,0,0,0,0,0,0,0,0,0
52490,0,0,0,0,0,0,0,0,0,0,0,0,0,0,0,0,0,0
41304,0,0,0,0,0,0,0,0,0,0,0,0,0,0,0,0,0,0
308794,0,0,0,0,0,0,0,0,0,0,0,0,0,0,0,0,0,0
293831,0,0,0,0,0,0,0,0,0,0,0,0,0,0,0,0,0,0
24768,0,0,0,0,0,0,0,0,0,0,0,0,0,0,0,0,0,0
43860,0,0,0,0,0,0,0,0,0,0,0,0,0,0,0,0,0,0
524247,0,0,0,0,0,0,0,0,0,0,0,0,0,0,0,0,0,0
430246,0,0,0,0,0,0,0,0,0,0,0,0,0,0,0,0,0,0
24808,0,0,0,0,0,0,0,0,0,0,0,0,0,0,0,0,0,0
23797,0,0,0,0,0,0,0,0,0,0,0,0,0,0,0,0,0,0
475281,0,0,0,0,0,0,0,0,0,0,0,0,0,0,0,0,0,0
19364,0,0,0,0,0,0,0,0,0,0,0,0,0,0,0,0,0,0
21484,0,0,0,0,0,0,0,0,0,0,0,0,0,0,0,0,0,0
402247,0,0,0,0,0,0,0,0,0,0,0,0,0,0,0,0,0,0
318337,0,0,0,0,0,0,0,0,0,0,0,0,0,0,0,0,0,0
45437,0,0,0,0,0,0,0,0,0,0,0,0,0,0,0,0,0,0
48446,0,0,0,0,0,0,0,0,0,0,0,0,0,0,0,0,0,0
646181,0,0,0,0,0,0,0,0,0,0,0,0,0,0,0,0,0,0
26872,0,0,0,0,0,0,0,0,0,0,0,0,0,0,0,0,0,0
41310,0,0,0,0,0,0,0,0,0,0,0,0,0,0,0,0,0,0
10797,0,0,0,0,0,0,0,0,0,0,0,0,0,0,0,0,0,0
364329,0,0,0,0,0,0,0,0,0,0,0,0,0,0,0,0,0,0
55597,0,0,0,0,0,0,0,0,0,0,0,0,0,0,0,0,0,0
50807,0,0,0,0,0,0,0,0,0,0,0,0,0,0,0,0,0,0
14325,0,0,0,0,0,0,0,0,0,0,0,0,0,0,0,0,0,0
36306,0,0,0,0,0,0,0,0,0,0,0,0,0,0,0,0,0,0
51220,0,0,0,0,0,0,0,0,0,0,0,0,0,0,0,0,0,0
208252,0,0,0,0,0,0,0,0,0,0,0,0,0,0,0,0,0,0
32130,0,0,0,0,0,0,0,0,0,0,0,0,0,0,0,0,0,0
42047,0,0,0,0,0,0,0,0,0,0,0,0,0,0,0,0,0,0
49619,0,0,0,0,0,0,0,0,0,0,0,0,0,0,0,0,0,0
33120,0,0,0,0,0,0,0,0,0,0,0,0,0,0,0,0,0,0
56064,0,0,0,0,0,0,0,0,0,0,0,0,0,0,0,0,0,0
39084,0,0,0,0,0,0,0,0,0,0,0,0,0,0,0,0,0,0
365126,0,0,0,0,0,0,0,0,0,0,0,0,0,0,0,0,0,0
633410,0,0,0,0,0,0,0,0,0,0,0,0,0,0,0,0,0,0
55894,0,0,0,0,0,0,0,0,0,0,0,0,0,0,0,0,0,0
5674,0,0,0,0,0,0,0,0,0,0,0,0,0,0,0,0,0,0
55265,0,0,0,0,0,0,0,0,0,0,0,0,0,0,0,0,0,0
13365,0,0,0,0,0,0,0,0,0,0,0,0,0,0,0,0,0,0
24841,0,0,0,0,0,0,0,0,0,0,0,0,0,0,0,0,0,0
17134,0,0,0,0,0,0,0,0,0,0,0,0,0,0,0,0,0,0
46569,0,0,0,0,0,0,0,0,0,0,0,0,0,0,0,0,0,0
55889,0,0,0,0,0,0,0,0,0,0,0,0,0,0,0,0,0,0
48473,0,0,0,0,0,0,0,0,0,0,0,0,0,0,0,0,0,0
24689,0,0,0,0,0,0,0,0,0,0,0,0,0,0,0,0,0,0
6256,0,0,0,0,0,0,0,0,0,0,0,0,0,0,0,0,0,0
16388,0,0,0,0,0,0,0,0,0,0,0,0,0,0,0,0,0,0
550215,0,0,0,0,0,0,0,0,0,0,0,0,0,0,0,0,0,0
38965,0,0,0,0,0,0,0,0,0,0,0,0,0,0,0,0,0,0
28081,0,0,0,0,0,0,0,0,0,0,0,0,0,0,0,0,0,0
24969,0,0,0,0,0,0,0,0,0,0,0,0,0,0,0,0,0,0
33943,0,0,0,0,0,0,0,0,0,0,0,0,0,0,0,0,0,0
24798,0,0,0,0,0,0,0,0,0,0,0,0,0,0,0,0,0,0
12514,0,0,0,0,0,0,0,0,0,0,0,0,0,0,0,0,0,0
52969,0,0,0,0,0,0,0,0,0,0,0,0,0,0,0,0,0,0
461632,0,0,0,0,0,0,0,0,0,0,0,0,0,0,0,0,0,0
888455,0,0,0,0,0,0,0,0,0,0,0,0,0,0,0,0,0,0
15501,0,0,0,0,0,0,0,0,0,0,0,0,0,0,0,0,0,0
25115,0,0,0,0,0,0,0,0,0,0,0,0,0,0,0,0,0,0
47015,0,0,0,0,0,0,0,0,0,0,0,0,0,0,0,0,0,0
512191,0,0,0,0,0,0,0,0,0,0,0,0,0,0,0,0,0,0
410765,0,0,0,0,0,0,0,0,0,0,0,0,0,0,0,0,0,0
49125,0,0,0,0,0,0,0,0,0,0,0,0,0,0,0,0,0,0
6683,0,0,0,0,0,0,0,0,0,0,0,0,0,0,0,0,0,0
30182,0,0,0,0,0,0,0,0,0,0,0,0,0,0,0,0,0,0
364302,0,0,0,0,0,0,0,0,0,0,0,0,0,0,0,0,0,0
38737,0,0,0,0,0,0,0,0,0,0,0,0,0,0,0,0,0,0
12906,0,0,0,0,0,0,0,0,0,0,0,0,0,0,0,0,0,0
41261,0,0,0,0,0,0,0,0,0,0,0,0,0,0,0,0,0,0
24975,0,0,0,0,0,0,0,0,0,0,0,0,0,0,0,0,0,0
56093,0,0,0,0,0,0,0,0,0,0,0,0,0,0,0,0,0,0
210283,0,0,0,0,0,0,0,0,0,0,0,0,0,0,0,0,0,0
45840,0,0,0,0,0,0,0,0,0,0,0,0,0,0,0,0,0,0
8119,0,0,0,0,0,0,0,0,0,0,0,0,0,0,0,0,0,0
33335,0,0,0,0,0,0,0,0,0,0,0,0,0,0,0,0,0,0
49677,0,0,0,0,0,0,0,0,0,0,0,0,0,0,0,0,0,0
537119,0,0,0,0,0,0,0,0,0,0,0,0,0,0,0,0,0,0
554691,0,0,0,0,0,0,0,0,0,0,0,0,0,0,0,0,0,0
43265,0,0,0,0,0,0,0,0,0,0,0,0,0,0,0,0,0,0
425639,0,0,0,0,0,0,0,0,0,0,0,0,0,0,0,0,0,0
42632,0,0,0,0,0,0,0,0,0,0,0,0,0,0,0,0,0,0
45419,0,0,0,0,0,0,0,0,0,0,0,0,0,0,0,0,0,0
48462,0,0,0,0,0,0,0,0,0,0,0,0,0,0,0,0,0,0
345825,0,0,0,0,0,0,0,0,0,0,0,0,0,0,0,0,0,0
24136,0,0,0,0,0,0,0,0,0,0,0,0,0,0,0,0,0,0
37103,0,0,0,0,0,0,0,0,0,0,0,0,0,0,0,0,0,0
25539,0,0,0,0,0,0,0,0,0,0,0,0,0,0,0,0,0,0
36825,0,0,0,0,0,0,0,0,0,0,0,0,0,0,0,0,0,0
53118,0,0,0,0,0,0,0,0,0,0,0,0,0,0,0,0,0,0
44089,0,0,0,0,0,0,0,0,0,0,0,0,0,0,0,0,0,0
23758,0,0,0,0,0,0,0,0,0,0,0,0,0,0,0,0,0,0
276539,0,0,0,0,0,0,0,0,0,0,0,0,0,0,0,0,0,0
27592,0,0,0,0,0,0,0,0,0,0,0,0,0,0,0,0,0,0
361952,0,0,0,0,0,0,0,0,0,0,0,0,0,0,0,0,0,0
18655,0,0,0,0,0,0,0,0,0,0,0,0,0,0,0,0,0,0
6272,0,0,0,0,0,0,0,0,0,0,0,0,0,0,0,0,0,0
44493,0,0,0,0,0,0,0,0,0,0,0,0,0,0,0,0,0,0
26290,0,0,0,0,0,0,0,0,0,0,0,0,0,0,0,0,0,0
4493,0,0,0,0,0,0,0,0,0,0,0,0,0,0,0,0,0,0
235532,0,0,0,0,0,0,0,0,0,0,0,0,0,0,0,0,0,0
49631,0,0,0,0,0,0,0,0,0,0,0,0,0,0,0,0,0,0
42420,0,0,0,0,0,0,0,0,0,0,0,0,0,0,0,0,0,0
48454,0,0,0,0,0,0,0,0,0,0,0,0,0,0,0,0,0,0
55633,0,0,0,0,0,0,0,0,0,0,0,0,0,0,0,0,0,0
42658,0,0,0,0,0,0,0,0,0,0,0,0,0,0,0,0,0,0
219885,0,0,0,0,0,0,0,0,0,0,0,0,0,0,0,0,0,0
502714,0,0,0,0,0,0,0,0,0,0,0,0,0,0,0,0,0,0
55907,0,0,0,0,0,0,0,0,0,0,0,0,0,0,0,0,0,0
24920,0,0,0,0,0,0,0,0,0,0,0,0,0,0,0,0,0,0
24611,0,0,0,0,0,0,0,0,0,0,0,0,0,0,0,0,0,0
5941,0,0,0,0,0,0,0,0,0,0,0,0,0,0,0,0,0,0
55736,0,0,0,0,0,0,0,0,0,0,0,0,0,0,0,0,0,0
33129,0,0,0,0,0,0,0,0,0,0,0,0,0,0,0,0,0,0
36080,0,0,0,0,0,0,0,0,0,0,0,0,0,0,0,0,0,0
37091,0,0,0,0,0,0,0,0,0,0,0,0,0,0,0,0,0,0
56186,0,0,0,0,0,0,0,0,0,0,0,0,0,0,0,0,0,0
32973,0,0,0,0,0,0,0,0,0,0,0,0,0,0,0,0,0,0
40570,0,0,0,0,0,0,0,0,0,0,0,0,0,0,0,0,0,0
55419,0,0,0,0,0,0,0,0,0,0,0,0,0,0,0,0,0,0
25112,0,0,0,0,0,0,0,0,0,0,0,0,0,0,0,0,0,0
9163,0,0,0,0,0,0,0,0,0,0,0,0,0,0,0,0,0,0
12879,0,0,0,0,0,0,0,0,0,0,0,0,0,0,0,0,0,0
49636,0,0,0,0,0,0,0,0,0,0,0,0,0,0,0,0,0,0
23688,0,0,0,0,0,0,0,0,0,0,0,0,0,0,0,0,0,0
919549,0,0,0,0,0,0,0,0,0,0,0,0,0,0,0,0,0,0
235524,0,0,0,0,0,0,0,0,0,0,0,0,0,0,0,0,0,0
38009,0,0,0,0,0,0,0,0,0,0,0,0,0,0,0,0,0,0
436757,0,0,0,0,0,0,0,0,0,0,0,0,0,0,0,0,0,0
46934,0,0,0,0,0,0,0,0,0,0,0,0,0,0,0,0,0,0
55906,0,0,0,0,0,0,0,0,0,0,0,0,0,0,0,0,0,0
24716,0,0,0,0,0,0,0,0,0,0,0,0,0,0,0,0,0,0
316397,0,0,0,0,0,0,0,0,0,0,0,0,0,0,0,0,0,0
46790,0,0,0,0,0,0,0,0,0,0,0,0,0,0,0,0,0,0
493773,0,0,0,0,0,0,0,0,0,0,0,0,0,0,0,0,0,0
235521,0,0,0,0,0,0,0,0,0,0,0,0,0,0,0,0,0,0
299812,0,0,0,0,0,0,0,0,0,0,0,0,0,0,0,0,0,0
461281,0,0,0,0,0,0,0,0,0,0,0,0,0,0,0,0,0,0
311592,0,0,0,0,0,0,0,0,0,0,0,0,0,0,0,0,0,0
524049,0,0,0,0,0,0,0,0,0,0,0,0,0,0,0,0,0,0
348109,0,0,0,0,0,0,0,0,0,0,0,0,0,0,0,0,0,0
55329,0,0,0,0,0,0,0,0,0,0,0,0,0,0,0,0,0,0
524048,0,0,0,0,0,0,0,0,0,0,0,0,0,0,0,0,0,0
20193,0,0,0,0,0,0,0,0,0,0,0,0,0,0,0,0,0,0
235514,0,0,0,0,0,0,0,0,0,0,0,0,0,0,0,0,0,0
4882,0,0,0,0,0,0,0,0,0,0,0,0,0,0,0,0,0,0
52337,1,1,0,76,81,76.0,0.9382716049382716,1,0,0,0,0,0,0,0,0,0,0
55382,0,0,0,0,0,0,0,0,0,0,0,0,0,0,0,0,0,0
9069,0,0,0,0,0,0,0,0,0,0,0,0,0,0,0,0,0,0
796331,0,0,0,0,0,0,0,0,0,0,0,0,0,0,0,0,0,0
37245,0,0,0,0,0,0,0,0,0,0,0,0,0,0,0,0,0,0
40305,0,0,0,0,0,0,0,0,0,0,0,0,0,0,0,0,0,0
56107,0,0,0,0,0,0,0,0,0,0,0,0,0,0,0,0,0,0
44138,0,0,0,0,0,0,0,0,0,0,0,0,0,0,0,0,0,0
26826,0,0,0,0,0,0,0,0,0,0,0,0,0,0,0,0,0,0
237095,0,0,0,0,0,0,0,0,0,0,0,0,0,0,0,0,0,0
24762,0,0,0,0,0,0,0,0,0,0,0,0,0,0,0,0,0,0
24794,0,0,0,0,0,0,0,0,0,0,0,0,0,0,0,0,0,0
297635,0,0,0,0,0,0,0,0,0,0,0,0,0,0,0,0,0,0
55848,0,0,0,0,0,0,0,0,0,0,0,0,0,0,0,0,0,0
50804,0,0,0,0,0,0,0,0,0,0,0,0,0,0,0,0,0,0
55276,0,0,0,0,0,0,0,0,0,0,0,0,0,0,0,0,0,0
14152,0,0,0,0,0,0,0,0,0,0,0,0,0,0,0,0,0,0
28884,0,0,0,0,0,0,0,0,0,0,0,0,0,0,0,0,0,0
348148,0,0,0,0,0,0,0,0,0,0,0,0,0,0,0,0,0,0
23681,0,0,0,0,0,0,0,0,0,0,0,0,0,0,0,0,0,0
252869,0,0,0,0,0,0,0,0,0,0,0,0,0,0,0,0,0,0
216811,0,0,0,0,0,0,0,0,0,0,0,0,0,0,0,0,0,0
44828,0,0,0,0,0,0,0,0,0,0,0,0,0,0,0,0,0,0
50460,0,0,0,0,0,0,0,0,0,0,0,0,0,0,0,0,0,0
8579,0,0,0,0,0,0,0,0,0,0,0,0,0,0,0,0,0,0
47539,0,0,0,0,0,0,0,0,0,0,0,0,0,0,0,0,0,0
55814,0,0,0,0,0,0,0,0,0,0,0,0,0,0,0,0,0,0
36826,0,0,0,0,0,0,0,0,0,0,0,0,0,0,0,0,0,0
32345,0,0,0,0,0,0,0,0,0,0,0,0,0,0,0,0,0,0
272364,0,0,0,0,0,0,0,0,0,0,0,0,0,0,0,0,0,0
333001,0,0,0,0,0,0,0,0,0,0,0,0,0,0,0,0,0,0
48102,0,0,0,0,0,0,0,0,0,0,0,0,0,0,0,0,0,0
52048,0,0,0,0,0,0,0,0,0,0,0,0,0,0,0,0,0,0
50791,0,0,0,0,0,0,0,0,0,0,0,0,0,0,0,0,0,0
38613,0,0,0,0,0,0,0,0,0,0,0,0,0,0,0,0,0,0
217522,0,0,0,0,0,0,0,0,0,0,0,0,0,0,0,0,0,0
55388,0,0,0,0,0,0,0,0,0,0,0,0,0,0,0,0,0,0
51876,0,0,0,0,0,0,0,0,0,0,0,0,0,0,0,0,0,0
55774,0,0,0,0,0,0,0,0,0,0,0,0,0,0,0,0,0,0
421892,0,0,0,0,0,0,0,0,0,0,0,0,0,0,0,0,0,0
38608,0,0,0,0,0,0,0,0,0,0,0,0,0,0,0,0,0,0
6291,0,0,0,0,0,0,0,0,0,0,0,0,0,0,0,0,0,0
29632,0,0,0,0,0,0,0,0,0,0,0,0,0,0,0,0,0,0
41411,0,0,0,0,0,0,0,0,0,0,0,0,0,0,0,0,0,0
25409,0,0,0,0,0,0,0,0,0,0,0,0,0,0,0,0,0,0
40618,0,0,0,0,0,0,0,0,0,0,0,0,0,0,0,0,0,0
37700,0,0,0,0,0,0,0,0,0,0,0,0,0,0,0,0,0,0
230559,0,0,0,0,0,0,0,0,0,0,0,0,0,0,0,0,0,0
45949,0,0,0,0,0,0,0,0,0,0,0,0,0,0,0,0,0,0
33127,0,0,0,0,0,0,0,0,0,0,0,0,0,0,0,0,0,0
320652,0,0,0,0,0,0,0,0,0,0,0,0,0,0,0,0,0,0
318334,0,0,0,0,0,0,0,0,0,0,0,0,0,0,0,0,0,0
333002,0,0,0,0,0,0,0,0,0,0,0,0,0,0,0,0,0,0
407265,0,0,0,0,0,0,0,0,0,0,0,0,0,0,0,0,0,0
446101,0,0,0,0,0,0,0,0,0,0,0,0,0,0,0,0,0,0
13340,0,0,0,0,0,0,0,0,0,0,0,0,0,0,0,0,0,0
45815,0,0,0,0,0,0,0,0,0,0,0,0,0,0,0,0,0,0
33141,0,0,0,0,0,0,0,0,0,0,0,0,0,0,0,0,0,0
43041,0,0,0,0,0,0,0,0,0,0,0,0,0,0,0,0,0,0
429981,0,0,0,0,0,0,0,0,0,0,0,0,0,0,0,0,0,0
5629,0,0,0,0,0,0,0,0,0,0,0,0,0,0,0,0,0,0
12450,0,0,0,0,0,0,0,0,0,0,0,0,0,0,0,0,0,0
45888,0,0,0,0,0,0,0,0,0,0,0,0,0,0,0,0,0,0
28774,0,0,0,0,0,0,0,0,0,0,0,0,0,0,0,0,0,0
53153,0,0,0,0,0,0,0,0,0,0,0,0,0,0,0,0,0,0
42648,0,0,0,0,0,0,0,0,0,0,0,0,0,0,0,0,0,0
30028,0,0,0,0,0,0,0,0,0,0,0,0,0,0,0,0,0,0
55307,0,0,0,0,0,0,0,0,0,0,0,0,0,0,0,0,0,0
36308,0,0,0,0,0,0,0,0,0,0,0,0,0,0,0,0,0,0
52445,0,0,0,0,0,0,0,0,0,0,0,0,0,0,0,0,0,0
55360,0,0,0,0,0,0,0,0,0,0,0,0,0,0,0,0,0,0
49477,0,0,0,0,0,0,0,0,0,0,0,0,0,0,0,0,0,0
230193,0,0,0,0,0,0,0,0,0,0,0,0,0,0,0,0,0,0
27223,0,0,0,0,0,0,0,0,0,0,0,0,0,0,0,0,0,0
38411,0,0,0,0,0,0,0,0,0,0,0,0,0,0,0,0,0,0
793907,0,0,0,0,0,0,0,0,0,0,0,0,0,0,0,0,0,0
36285,0,0,0,0,0,0,0,0,0,0,0,0,0,0,0,0,0,0
56225,0,0,0,0,0,0,0,0,0,0,0,0,0,0,0,0,0,0
50240,0,0,0,0,0,0,0,0,0,0,0,0,0,0,0,0,0,0
20235,0,0,0,0,0,0,0,0,0,0,0,0,0,0,0,0,0,0
19394,0,0,0,0,0,0,0,0,0,0,0,0,0,0,0,0,0,0
227758,0,0,0,0,0,0,0,0,0,0,0,0,0,0,0,0,0,0
248920,0,0,0,0,0,0,0,0,0,0,0,0,0,0,0,0,0,0
31036,0,0,0,0,0,0,0,0,0,0,0,0,0,0,0,0,0,0
44111,0,0,0,0,0,0,0,0,0,0,0,0,0,0,0,0,0,0
42699,0,0,0,0,0,0,0,0,0,0,0,0,0,0,0,0,0,0
6056,0,0,0,0,0,0,0,0,0,0,0,0,0,0,0,0,0,0
10839,0,0,0,0,0,0,0,0,0,0,0,0,0,0,0,0,0,0
21646,0,0,0,0,0,0,0,0,0,0,0,0,0,0,0,0,0,0
414821,0,0,0,0,0,0,0,0,0,0,0,0,0,0,0,0,0,0
39881,0,0,0,0,0,0,0,0,0,0,0,0,0,0,0,0,0,0
5334,0,0,0,0,0,0,0,0,0,0,0,0,0,0,0,0,0,0
974109,0,0,0,0,0,0,0,0,0,0,0,0,0,0,0,0,0,0
55713,0,0,0,0,0,0,0,0,0,0,0,0,0,0,0,0,0,0
450860,0,0,0,0,0,0,0,0,0,0,0,0,0,0,0,0,0,0
47900,0,0,0,0,0,0,0,0,0,0,0,0,0,0,0,0,0,0
36187,0,0,0,0,0,0,0,0,0,0,0,0,0,0,0,0,0,0
33891,0,0,0,0,0,0,0,0,0,0,0,0,0,0,0,0,0,0
25535,0,0,0,0,0,0,0,0,0,0,0,0,0,0,0,0,0,0
4951,0,0,0,0,0,0,0,0,0,0,0,0,0,0,0,0,0,0
31025,0,0,0,0,0,0,0,0,0,0,0,0,0,0,0,0,0,0
41264,0,0,0,0,0,0,0,0,0,0,0,0,0,0,0,0,0,0
37602,0,0,0,0,0,0,0,0,0,0,0,0,0,0,0,0,0,0
41026,0,0,0,0,0,0,0,0,0,0,0,0,0,0,0,0,0,0
268845,0,0,0,0,0,0,0,0,0,0,0,0,0,0,0,0,0,0
24903,0,0,0,0,0,0,0,0,0,0,0,0,0,0,0,0,0,0
521478,0,0,0,0,0,0,0,0,0,0,0,0,0,0,0,0,0,0
25538,0,0,0,0,0,0,0,0,0,0,0,0,0,0,0,0,0,0
55982,0,0,0,0,0,0,0,0,0,0,0,0,0,0,0,0,0,0
53116,0,0,0,0,0,0,0,0,0,0,0,0,0,0,0,0,0,0
47492,0,0,0,0,0,0,0,0,0,0,0,0,0,0,0,0,0,0
37720,0,0,0,0,0,0,0,0,0,0,0,0,0,0,0,0,0,0
39954,0,0,0,0,0,0,0,0,0,0,0,0,0,0,0,0,0,0
51738,0,0,0,0,0,0,0,0,0,0,0,0,0,0,0,0,0,0
364343,0,0,0,0,0,0,0,0,0,0,0,0,0,0,0,0,0,0
35390,0,0,0,0,0,0,0,0,0,0,0,0,0,0,0,0,0,0
36620,0,0,0,0,0,0,0,0,0,0,0,0,0,0,0,0,0,0
35627,0,0,0,0,0,0,0,0,0,0,0,0,0,0,0,0,0,0
47255,0,0,0,0,0,0,0,0,0,0,0,0,0,0,0,0,0,0
4174,0,0,0,0,0,0,0,0,0,0,0,0,0,0,0,0,0,0
19346,0,0,0,0,0,0,0,0,0,0,0,0,0,0,0,0,0,0
526492,0,0,0,0,0,0,0,0,0,0,0,0,0,0,0,0,0,0
51660,0,0,0,0,0,0,0,0,0,0,0,0,0,0,0,0,0,0
41272,0,0,0,0,0,0,0,0,0,0,0,0,0,0,0,0,0,0
49212,0,0,0,0,0,0,0,0,0,0,0,0,0,0,0,0,0,0
18557,0,0,0,0,0,0,0,0,0,0,0,0,0,0,0,0,0,0
409474,0,0,0,0,0,0,0,0,0,0,0,0,0,0,0,0,0,0
539548,0,0,0,0,0,0,0,0,0,0,0,0,0,0,0,0,0,0
52687,0,0,0,0,0,0,0,0,0,0,0,0,0,0,0,0,0,0
230553,0,0,0,0,0,0,0,0,0,0,0,0,0,0,0,0,0,0
320284,0,0,0,0,0,0,0,0,0,0,0,0,0,0,0,0,0,0
51258,0,0,0,0,0,0,0,0,0,0,0,0,0,0,0,0,0,0
459508,0,0,0,0,0,0,0,0,0,0,0,0,0,0,0,0,0,0
238612,0,0,0,0,0,0,0,0,0,0,0,0,0,0,0,0,0,0
22182,0,0,0,0,0,0,0,0,0,0,0,0,0,0,0,0,0,0
25051,0,0,0,0,0,0,0,0,0,0,0,0,0,0,0,0,0,0
51784,0,0,0,0,0,0,0,0,0,0,0,0,0,0,0,0,0,0
55708,0,0,0,0,0,0,0,0,0,0,0,0,0,0,0,0,0,0
7502,0,0,0,0,0,0,0,0,0,0,0,0,0,0,0,0,0,0
8198,0,0,0,0,0,0,0,0,0,0,0,0,0,0,0,0,0,0
21537,0,0,0,0,0,0,0,0,0,0,0,0,0,0,0,0,0,0
495551,0,0,0,0,0,0,0,0,0,0,0,0,0,0,0,0,0,0
317784,0,0,0,0,0,0,0,0,0,0,0,0,0,0,0,0,0,0
4508,0,0,0,0,0,0,0,0,0,0,0,0,0,0,0,0,0,0
23854,0,0,0,0,0,0,0,0,0,0,0,0,0,0,0,0,0,0
919527,0,0,0,0,0,0,0,0,0,0,0,0,0,0,0,0,0,0
24227,0,0,0,0,0,0,0,0,0,0,0,0,0,0,0,0,0,0
4433,0,0,0,0,0,0,0,0,0,0,0,0,0,0,0,0,0,0
300631,0,0,0,0,0,0,0,0,0,0,0,0,0,0,0,0,0,0
328026,0,0,0,0,0,0,0,0,0,0,0,0,0,0,0,0,0,0
24687,0,0,0,0,0,0,0,0,0,0,0,0,0,0,0,0,0,0
40082,0,0,0,0,0,0,0,0,0,0,0,0,0,0,0,0,0,0
55802,0,0,0,0,0,0,0,0,0,0,0,0,0,0,0,0,0,0
1005369,0,0,0,0,0,0,0,0,0,0,0,0,0,0,0,0,0,0
51891,0,0,0,0,0,0,0,0,0,0,0,0,0,0,0,0,0,0
419873,0,0,0,0,0,0,0,0,0,0,0,0,0,0,0,0,0,0
370535,0,0,0,0,0,0,0,0,0,0,0,0,0,0,0,0,0,0
8942,0,0,0,0,0,0,0,0,0,0,0,0,0,0,0,0,0,0
6285,0,0,0,0,0,0,0,0,0,0,0,0,0,0,0,0,0,0
50836,0,0,0,0,0,0,0,0,0,0,0,0,0,0,0,0,0,0
25589,0,0,0,0,0,0,0,0,0,0,0,0,0,0,0,0,0,0
34019,0,0,0,0,0,0,0,0,0,0,0,0,0,0,0,0,0,0
633362,0,0,0,0,0,0,0,0,0,0,0,0,0,0,0,0,0,0
677081,0,0,0,0,0,0,0,0,0,0,0,0,0,0,0,0,0,0
391832,0,0,0,0,0,0,0,0,0,0,0,0,0,0,0,0,0,0
55698,0,0,0,0,0,0,0,0,0,0,0,0,0,0,0,0,0,0
23862,0,0,0,0,0,0,0,0,0,0,0,0,0,0,0,0,0,0
51019,0,0,0,0,0,0,0,0,0,0,0,0,0,0,0,0,0,0
51278,0,0,0,0,0,0,0,0,0,0,0,0,0,0,0,0,0,0
55680,0,0,0,0,0,0,0,0,0,0,0,0,0,0,0,0,0,0
24171,0,0,0,0,0,0,0,0,0,0,0,0,0,0,0,0,0,0
36835,0,0,0,0,0,0,0,0,0,0,0,0,0,0,0,0,0,0
24825,0,0,0,0,0,0,0,0,0,0,0,0,0,0,0,0,0,0
308294,0,0,0,0,0,0,0,0,0,0,0,0,0,0,0,0,0,0
24286,0,0,0,0,0,0,0,0,0,0,0,0,0,0,0,0,0,0
51872,0,0,0,0,0,0,0,0,0,0,0,0,0,0,0,0,0,0
30149,0,0,0,0,0,0,0,0,0,0,0,0,0,0,0,0,0,0
568276,0,0,0,0,0,0,0,0,0,0,0,0,0,0,0,0,0,0
227455,0,0,0,0,0,0,0,0,0,0,0,0,0,0,0,0,0,0
16362,0,0,0,0,0,0,0,0,0,0,0,0,0,0,0,0,0,0
42657,0,0,0,0,0,0,0,0,0,0,0,0,0,0,0,0,0,0
48472,0,0,0,0,0,0,0,0,0,0,0,0,0,0,0,0,0,0
5605,0,0,0,0,0,0,0,0,0,0,0,0,0,0,0,0,0,0
29646,0,0,0,0,0,0,0,0,0,0,0,0,0,0,0,0,0,0
38986,0,0,0,0,0,0,0,0,0,0,0,0,0,0,0,0,0,0
47623,0,0,0,0,0,0,0,0,0,0,0,0,0,0,0,0,0,0
38258,0,0,0,0,0,0,0,0,0,0,0,0,0,0,0,0,0,0
826679,0,0,0,0,0,0,0,0,0,0,0,0,0,0,0,0,0,0
703323,0,0,0,0,0,0,0,0,0,0,0,0,0,0,0,0,0,0
25446,0,0,0,0,0,0,0,0,0,0,0,0,0,0,0,0,0,0
22403,0,0,0,0,0,0,0,0,0,0,0,0,0,0,0,0,0,0
25547,0,0,0,0,0,0,0,0,0,0,0,0,0,0,0,0,0,0
414990,0,0,0,0,0,0,0,0,0,0,0,0,0,0,0,0,0,0
24694,0,0,0,0,0,0,0,0,0,0,0,0,0,0,0,0,0,0
47903,0,0,0,0,0,0,0,0,0,0,0,0,0,0,0,0,0,0
25087,0,0,0,0,0,0,0,0,0,0,0,0,0,0,0,0,0,0
308967,0,0,0,0,0,0,0,0,0,0,0,0,0,0,0,0,0,0
22380,0,0,0,0,0,0,0,0,0,0,0,0,0,0,0,0,0,0
32966,0,0,0,0,0,0,0,0,0,0,0,0,0,0,0,0,0,0
42321,0,0,0,0,0,0,0,0,0,0,0,0,0,0,0,0,0,0
55502,0,0,0,0,0,0,0,0,0,0,0,0,0,0,0,0,0,0
17185,0,0,0,0,0,0,0,0,0,0,0,0,0,0,0,0,0,0
9117,0,0,0,0,0,0,0,0,0,0,0,0,0,0,0,0,0,0
267724,0,0,0,0,0,0,0,0,0,0,0,0,0,0,0,0,0,0
51108,0,0,0,0,0,0,0,0,0,0,0,0,0,0,0,0,0,0
56017,0,0,0,0,0,0,0,0,0,0,0,0,0,0,0,0,0,0
5112,0,0,0,0,0,0,0,0,0,0,0,0,0,0,0,0,0,0
35582,0,0,0,0,0,0,0,0,0,0,0,0,0,0,0,0,0,0
820351,0,0,0,0,0,0,0,0,0,0,0,0,0,0,0,0,0,0
392946,0,0,0,0,0,0,0,0,0,0,0,0,0,0,0,0,0,0
211855,0,0,0,0,0,0,0,0,0,0,0,0,0,0,0,0,0,0
222354,0,0,0,0,0,0,0,0,0,0,0,0,0,0,0,0,0,0
47010,0,0,0,0,0,0,0,0,0,0,0,0,0,0,0,0,0,0
19323,0,0,0,0,0,0,0,0,0,0,0,0,0,0,0,0,0,0
55954,0,0,0,0,0,0,0,0,0,0,0,0,0,0,0,0,0,0
31048,0,0,0,0,0,0,0,0,0,0,0,0,0,0,0,0,0,0
25543,0,0,0,0,0,0,0,0,0,0,0,0,0,0,0,0,0,0
25598,0,0,0,0,0,0,0,0,0,0,0,0,0,0,0,0,0,0
51469,1,1,0,11,40,11.0,0.275,0,0,0,0,0,0,0,0,0,0,0
55952,0,0,0,0,0,0,0,0,0,0,0,0,0,0,0,0,0,0
317248,0,0,0,0,0,0,0,0,0,0,0,0,0,0,0,0,0,0
277911,0,0,0,0,0,0,0,0,0,0,0,0,0,0,0,0,0,0
806241,0,0,0,0,0,0,0,0,0,0,0,0,0,0,0,0,0,0
1005257,0,0,0,0,0,0,0,0,0,0,0,0,0,0,0,0,0,0
230552,0,0,0,0,0,0,0,0,0,0,0,0,0,0,0,0,0,0
321777,0,0,0,0,0,0,0,0,0,0,0,0,0,0,0,0,0,0
348154,0,0,0,0,0,0,0,0,0,0,0,0,0,0,0,0,0,0
24703,0,0,0,0,0,0,0,0,0,0,0,0,0,0,0,0,0,0
414971,0,0,0,0,0,0,0,0,0,0,0,0,0,0,0,0,0,0
40556,0,0,0,0,0,0,0,0,0,0,0,0,0,0,0,0,0,0
56032,0,0,0,0,0,0,0,0,0,0,0,0,0,0,0,0,0,0
227712,0,0,0,0,0,0,0,0,0,0,0,0,0,0,0,0,0,0
44960,0,0,0,0,0,0,0,0,0,0,0,0,0,0,0,0,0,0
319758,0,0,0,0,0,0,0,0,0,0,0,0,0,0,0,0,0,0
919495,0,0,0,0,0,0,0,0,0,0,0,0,0,0,0,0,0,0
43235,0,0,0,0,0,0,0,0,0,0,0,0,0,0,0,0,0,0
56096,0,0,0,0,0,0,0,0,0,0,0,0,0,0,0,0,0,0
539304,0,0,0,0,0,0,0,0,0,0,0,0,0,0,0,0,0,0
55367,0,0,0,0,0,0,0,0,0,0,0,0,0,0,0,0,0,0
51901,0,0,0,0,0,0,0,0,0,0,0,0,0,0,0,0,0,0
55391,0,0,0,0,0,0,0,0,0,0,0,0,0,0,0,0,0,0
290462,0,0,0,0,0,0,0,0,0,0,0,0,0,0,0,0,0,0
16951,0,0,0,0,0,0,0,0,0,0,0,0,0,0,0,0,0,0
51228,0,0,0,0,0,0,0,0,0,0,0,0,0,0,0,0,0,0
319746,0,0,0,0,0,0,0,0,0,0,0,0,0,0,0,0,0,0
278496,0,0,0,0,0,0,0,0,0,0,0,0,0,0,0,0,0,0
288211,0,0,0,0,0,0,0,0,0,0,0,0,0,0,0,0,0,0
25476,0,0,0,0,0,0,0,0,0,0,0,0,0,0,0,0,0,0
45705,0,0,0,0,0,0,0,0,0,0,0,0,0,0,0,0,0,0
646173,0,0,0,0,0,0,0,0,0,0,0,0,0,0,0,0,0,0
43543,0,0,0,0,0,0,0,0,0,0,0,0,0,0,0,0,0,0
303412,0,0,0,0,0,0,0,0,0,0,0,0,0,0,0,0,0,0
16281,0,0,0,0,0,0,0,0,0,0,0,0,0,0,0,0,0,0
56066,0,0,0,0,0,0,0,0,0,0,0,0,0,0,0,0,0,0
30107,0,0,0,0,0,0,0,0,0,0,0,0,0,0,0,0,0,0
41036,0,0,0,0,0,0,0,0,0,0,0,0,0,0,0,0,0,0
24725,0,0,0,0,0,0,0,0,0,0,0,0,0,0,0,0,0,0
52808,0,0,0,0,0,0,0,0,0,0,0,0,0,0,0,0,0,0
23826,0,0,0,0,0,0,0,0,0,0,0,0,0,0,0,0,0,0
22392,0,0,0,0,0,0,0,0,0,0,0,0,0,0,0,0,0,0
52442,0,0,0,0,0,0,0,0,0,0,0,0,0,0,0,0,0,0
25023,0,0,0,0,0,0,0,0,0,0,0,0,0,0,0,0,0,0
55675,0,0,0,0,0,0,0,0,0,0,0,0,0,0,0,0,0,0
39121,0,0,0,0,0,0,0,0,0,0,0,0,0,0,0,0,0,0
34074,0,0,0,0,0,0,0,0,0,0,0,0,0,0,0,0,0,0
6282,0,0,0,0,0,0,0,0,0,0,0,0,0,0,0,0,0,0
574178,0,0,0,0,0,0,0,0,0,0,0,0,0,0,0,0,0,0
36597,1,1,0,75,88,75.0,0.8522727272727273,1,0,0,0,1,30,29,0,0,5.8,0
51232,0,0,0,0,0,0,0,0,0,0,0,0,0,0,0,0,0,0
5681,0,0,0,0,0,0,0,0,0,0,0,0,0,0,0,0,0,0
308691,0,0,0,0,0,0,0,0,0,0,0,0,0,0,0,0,0,0
24228,0,0,0,0,0,0,0,0,0,0,0,0,0,0,0,0,0,0
35713,0,0,0,0,0,0,0,0,0,0,0,0,0,0,0,0,0,0
4169,0,0,0,0,0,0,0,0,0,0,0,0,0,0,0,0,0,0
277662,0,0,0,0,0,0,0,0,0,0,0,0,0,0,0,0,0,0
24857,0,0,0,0,0,0,0,0,0,0,0,0,0,0,0,0,0,0
25860,0,0,0,0,0,0,0,0,0,0,0,0,0,0,0,0,0,0
11931,0,0,0,0,0,0,0,0,0,0,0,0,0,0,0,0,0,0
4578,0,0,0,0,0,0,0,0,0,0,0,0,0,0,0,0,0,0
45828,0,0,0,0,0,0,0,0,0,0,0,0,0,0,0,0,0,0
5726,0,0,0,0,0,0,0,0,0,0,0,0,0,0,0,0,0,0
46724,0,0,0,0,0,0,0,0,0,0,0,0,0,0,0,0,0,0
303420,0,0,0,0,0,0,0,0,0,0,0,0,0,0,0,0,0,0
25536,0,0,0,0,0,0,0,0,0,0,0,0,0,0,0,0,0,0
5779,0,0,0,0,0,0,0,0,0,0,0,0,0,0,0,0,0,0
21585,0,0,0,0,0,0,0,0,0,0,0,0,0,0,0,0,0,0
14054,0,0,0,0,0,0,0,0,0,0,0,0,0,0,0,0,0,0
45711,0,0,0,0,0,0,0,0,0,0,0,0,0,0,0,0,0,0
40378,0,0,0,0,0,0,0,0,0,0,0,0,0,0,0,0,0,0
23685,0,0,0,0,0,0,0,0,0,0,0,0,0,0,0,0,0,0
46075,0,0,0,0,0,0,0,0,0,0,0,0,0,0,0,0,0,0
14244,0,0,0,0,0,0,0,0,0,0,0,0,0,0,0,0,0,0
481896,0,0,0,0,0,0,0,0,0,0,0,0,0,0,0,0,0,0
25092,0,0,0,0,0,0,0,0,0,0,0,0,0,0,0,0,0,0
784375,0,0,0,0,0,0,0,0,0,0,0,0,0,0,0,0,0,0
21512,0,0,0,0,0,0,0,0,0,0,0,0,0,0,0,0,0,0
51481,0,0,0,0,0,0,0,0,0,0,0,0,0,0,0,0,0,0
16932,0,0,0,0,0,0,0,0,0,0,0,0,0,0,0,0,0,0
571703,0,0,0,0,0,0,0,0,0,0,0,0,0,0,0,0,0,0
36179,0,0,0,0,0,0,0,0,0,0,0,0,0,0,0,0,0,0
550133,0,0,0,0,0,0,0,0,0,0,0,0,0,0,0,0,0,0
40551,0,0,0,0,0,0,0,0,0,0,0,0,0,0,0,0,0,0
290645,0,0,0,0,0,0,0,0,0,0,0,0,0,0,0,0,0,0
873205,0,0,0,0,0,0,0,0,0,0,0,0,0,0,0,0,0,0
719715,0,0,0,0,0,0,0,0,0,0,0,0,0,0,0,0,0,0
49557,0,0,0,0,0,0,0,0,0,0,0,0,0,0,0,0,0,0
42655,0,0,0,0,0,0,0,0,0,0,0,0,0,0,0,0,0,0
390484,0,0,0,0,0,0,0,0,0,0,0,0,0,0,0,0,0,0
52428,0,0,0,0,0,0,0,0,0,0,0,0,0,0,0,0,0,0
253802,0,0,0,0,0,0,0,0,0,0,0,0,0,0,0,0,0,0
38624,1,1,0,6,8,6.0,0.75,0,0,0,0,0,0,0,0,0,0,0
49633,0,0,0,0,0,0,0,0,0,0,0,0,0,0,0,0,0,0
6995,0,0,0,0,0,0,0,0,0,0,0,0,0,0,0,0,0,0
55663,0,0,0,0,0,0,0,0,0,0,0,0,0,0,0,0,0,0
12466,0,0,0,0,0,0,0,0,0,0,0,0,0,0,0,0,0,0
40582,0,0,0,0,0,0,0,0,0,0,0,0,0,0,0,0,0,0
697279,0,0,0,0,0,0,0,0,0,0,0,0,0,0,0,0,0,0
23729,0,0,0,0,0,0,0,0,0,0,0,0,0,0,0,0,0,0
25490,0,0,0,0,0,0,0,0,0,0,0,0,0,0,0,0,0,0
213674,0,0,0,0,0,0,0,0,0,0,0,0,0,0,0,0,0,0
37714,0,0,0,0,0,0,0,0,0,0,0,0,0,0,0,0,0,0
25451,0,0,0,0,0,0,0,0,0,0,0,0,0,0,0,0,0,0
315594,0,0,0,0,0,0,0,0,0,0,0,0,0,0,0,0,0,0
741143,0,0,0,0,0,0,0,0,0,0,0,0,0,0,0,0,0,0
30049,0,0,0,0,0,0,0,0,0,0,0,0,0,0,0,0,0,0
19445,0,0,0,0,0,0,0,0,0,0,0,0,0,0,0,0,0,0
37004,0,0,0,0,0,0,0,0,0,0,0,0,0,0,0,0,0,0
214695,0,0,0,0,0,0,0,0,0,0,0,0,0,0,0,0,0,0
626111,0,0,0,0,0,0,0,0,0,0,0,0,0,0,0,0,0,0
51439,0,0,0,0,0,0,0,0,0,0,0,0,0,0,0,0,0,0
230558,0,0,0,0,0,0,0,0,0,0,0,0,0,0,0,0,0,0
56070,0,0,0,0,0,0,0,0,0,0,0,0,0,0,0,0,0,0
48460,0,0,0,0,0,0,0,0,0,0,0,0,0,0,0,0,0,0
51437,0,0,0,0,0,0,0,0,0,0,0,0,0,0,0,0,0,0
439288,0,0,0,0,0,0,0,0,0,0,0,0,0,0,0,0,0,0
53230,0,0,0,0,0,0,0,0,0,0,0,0,0,0,0,0,0,0
56035,0,0,0,0,0,0,0,0,0,0,0,0,0,0,0,0,0,0
943275,0,0,0,0,0,0,0,0,0,0,0,0,0,0,0,0,0,0
9042,0,0,0,0,0,0,0,0,0,0,0,0,0,0,0,0,0,0
47715,0,0,0,0,0,0,0,0,0,0,0,0,0,0,0,0,0,0
42423,0,0,0,0,0,0,0,0,0,0,0,0,0,0,0,0,0,0
326637,0,0,0,0,0,0,0,0,0,0,0,0,0,0,0,0,0,0
55562,0,0,0,0,0,0,0,0,0,0,0,0,0,0,0,0,0,0
27978,0,0,0,0,0,0,0,0,0,0,0,0,0,0,0,0,0,0
49598,0,0,0,0,0,0,0,0,0,0,0,0,0,0,0,0,0,0
24978,0,0,0,0,0,0,0,0,0,0,0,0,0,0,0,0,0,0
315051,0,0,0,0,0,0,0,0,0,0,0,0,0,0,0,0,0,0
50247,0,0,0,0,0,0,0,0,0,0,0,0,0,0,0,0,0,0
14020,0,0,0,0,0,0,0,0,0,0,0,0,0,0,0,0,0,0
52821,1,1,0,2,6,2.0,0.3333333333333333,0,0,0,0,1,54,71,3,23.666666666666668,7.888888888888889,18.0
4144,0,0,0,0,0,0,0,0,0,0,0,0,0,0,0,0,0,0
431909,0,0,0,0,0,0,0,0,0,0,0,0,0,0,0,0,0,0
55897,0,0,0,0,0,0,0,0,0,0,0,0,0,0,0,0,0,0
50426,0,0,0,0,0,0,0,0,0,0,0,0,0,0,0,0,0,0
24913,0,0,0,0,0,0,0,0,0,0,0,0,0,0,0,0,0,0
8231,0,0,0,0,0,0,0,0,0,0,0,0,0,0,0,0,0,0
24807,0,0,0,0,0,0,0,0,0,0,0,0,0,0,0,0,0,0
40574,0,0,0,0,0,0,0,0,0,0,0,0,0,0,0,0,0,0
52280,0,0,0,0,0,0,0,0,0,0,0,0,0,0,0,0,0,0
50809,0,0,0,0,0,0,0,0,0,0,0,0,0,0,0,0,0,0
5139,0,0,0,0,0,0,0,0,0,0,0,0,0,0,0,0,0,0
22442,0,0,0,0,0,0,0,0,0,0,0,0,0,0,0,0,0,0
232364,0,0,0,0,0,0,0,0,0,0,0,0,0,0,0,0,0,0
55641,0,0,0,0,0,0,0,0,0,0,0,0,0,0,0,0,0,0
56166,0,0,0,0,0,0,0,0,0,0,0,0,0,0,0,0,0,0
26325,0,0,0,0,0,0,0,0,0,0,0,0,0,0,0,0,0,0
34086,0,0,0,0,0,0,0,0,0,0,0,0,0,0,0,0,0,0
51649,0,0,0,0,0,0,0,0,0,0,0,0,0,0,0,0,0,0
443150,0,0,0,0,0,0,0,0,0,0,0,0,0,0,0,0,0,0
43776,0,0,0,0,0,0,0,0,0,0,0,0,0,0,0,0,0,0
36383,0,0,0,0,0,0,0,0,0,0,0,0,0,0,0,0,0,0
48284,0,0,0,0,0,0,0,0,0,0,0,0,0,0,0,0,0,0
380354,0,0,0,0,0,0,0,0,0,0,0,0,0,0,0,0,0,0
9254,0,0,0,0,0,0,0,0,0,0,0,0,0,0,0,0,0,0
49043,0,0,0,0,0,0,0,0,0,0,0,0,0,0,0,0,0,0
245186,0,0,0,0,0,0,0,0,0,0,0,0,0,0,0,0,0,0
32283,0,0,0,0,0,0,0,0,0,0,0,0,0,0,0,0,0,0
42428,0,0,0,0,0,0,0,0,0,0,0,0,0,0,0,0,0,0
43266,0,0,0,0,0,0,0,0,0,0,0,0,0,0,0,0,0,0
40926,0,0,0,0,0,0,0,0,0,0,0,0,0,0,0,0,0,0
38989,0,0,0,0,0,0,0,0,0,0,0,0,0,0,0,0,0,0
55669,0,0,0,0,0,0,0,0,0,0,0,0,0,0,0,0,0,0
41303,0,0,0,0,0,0,0,0,0,0,0,0,0,0,0,0,0,0
299814,0,0,0,0,0,0,0,0,0,0,0,0,0,0,0,0,0,0
233514,0,0,0,0,0,0,0,0,0,0,0,0,0,0,0,0,0,0
44410,0,0,0,0,0,0,0,0,0,0,0,0,0,0,0,0,0,0
55643,0,0,0,0,0,0,0,0,0,0,0,0,0,0,0,0,0,0
51211,0,0,0,0,0,0,0,0,0,0,0,0,0,0,0,0,0,0
274926,0,0,0,0,0,0,0,0,0,0,0,0,0,0,0,0,0,0
52928,0,0,0,0,0,0,0,0,0,0,0,0,0,0,0,0,0,0
318788,0,0,0,0,0,0,0,0,0,0,0,0,0,0,0,0,0,0
52057,0,0,0,0,0,0,0,0,0,0,0,0,0,0,0,0,0,0
55880,0,0,0,0,0,0,0,0,0,0,0,0,0,0,0,0,0,0
11974,0,0,0,0,0,0,0,0,0,0,0,0,0,0,0,0,0,0
919489,0,0,0,0,0,0,0,0,0,0,0,0,0,0,0,0,0,0
44465,0,0,0,0,0,0,0,0,0,0,0,0,0,0,0,0,0,0
55416,0,0,0,0,0,0,0,0,0,0,0,0,0,0,0,0,0,0
49552,0,0,0,0,0,0,0,0,0,0,0,0,0,0,0,0,0,0
37257,0,0,0,0,0,0,0,0,0,0,0,0,0,0,0,0,0,0
539511,0,0,0,0,0,0,0,0,0,0,0,0,0,0,0,0,0,0
25475,0,0,0,0,0,0,0,0,0,0,0,0,0,0,0,0,0,0
219889,0,0,0,0,0,0,0,0,0,0,0,0,0,0,0,0,0,0
41224,0,0,0,0,0,0,0,0,0,0,0,0,0,0,0,0,0,0
48995,0,0,0,0,0,0,0,0,0,0,0,0,0,0,0,0,0,0
325026,0,0,0,0,0,0,0,0,0,0,0,0,0,0,0,0,0,0
301847,0,0,0,0,0,0,0,0,0,0,0,0,0,0,0,0,0,0
4964,0,0,0,0,0,0,0,0,0,0,0,0,0,0,0,0,0,0
51100,1,1,0,0,1,0.0,0.0,0,0,0,0,0,0,0,0,0,0,0
55551,0,0,0,0,0,0,0,0,0,0,0,0,0,0,0,0,0,0
30732,0,0,0,0,0,0,0,0,0,0,0,0,0,0,0,0,0,0
334946,0,0,0,0,0,0,0,0,0,0,0,0,0,0,0,0,0,0
399259,0,0,0,0,0,0,0,0,0,0,0,0,0,0,0,0,0,0
34264,0,0,0,0,0,0,0,0,0,0,0,0,0,0,0,0,0,0
412321,0,0,0,0,0,0,0,0,0,0,0,0,0,0,0,0,0,0
55805,0,0,0,0,0,0,0,0,0,0,0,0,0,0,0,0,0,0
13418,0,0,0,0,0,0,0,0,0,0,0,0,0,0,0,0,0,0
55878,0,0,0,0,0,0,0,0,0,0,0,0,0,0,0,0,0,0
38261,0,0,0,0,0,0,0,0,0,0,0,0,0,0,0,0,0,0
18627,0,0,0,0,0,0,0,0,0,0,0,0,0,0,0,0,0,0
524845,0,0,0,0,0,0,0,0,0,0,0,0,0,0,0,0,0,0
4208,0,0,0,0,0,0,0,0,0,0,0,0,0,0,0,0,0,0
5239,0,0,0,0,0,0,0,0,0,0,0,0,0,0,0,0,0,0
44024,0,0,0,0,0,0,0,0,0,0,0,0,0,0,0,0,0,0
533042,0,0,0,0,0,0,0,0,0,0,0,0,0,0,0,0,0,0
55840,0,0,0,0,0,0,0,0,0,0,0,0,0,0,0,0,0,0
290948,0,0,0,0,0,0,0,0,0,0,0,0,0,0,0,0,0,0
318845,0,0,0,0,0,0,0,0,0,0,0,0,0,0,0,0,0,0
37002,0,0,0,0,0,0,0,0,0,0,0,0,0,0,0,0,0,0
49008,0,0,0,0,0,0,0,0,0,0,0,0,0,0,0,0,0,0
24996,0,0,0,0,0,0,0,0,0,0,0,0,0,0,0,0,0,0
47700,0,0,0,0,0,0,0,0,0,0,0,0,0,0,0,0,0,0
402245,0,0,0,0,0,0,0,0,0,0,0,0,0,0,0,0,0,0
24827,0,0,0,0,0,0,0,0,0,0,0,0,0,0,0,0,0,0
420341,0,0,0,0,0,0,0,0,0,0,0,0,0,0,0,0,0,0
459752,0,0,0,0,0,0,0,0,0,0,0,0,0,0,0,0,0,0
55610,0,0,0,0,0,0,0,0,0,0,0,0,0,0,0,0,0,0
49764,0,0,0,0,0,0,0,0,0,0,0,0,0,0,0,0,0,0
38757,0,0,0,0,0,0,0,0,0,0,0,0,0,0,0,0,0,0
5560,0,0,0,0,0,0,0,0,0,0,0,0,0,0,0,0,0,0
55909,0,0,0,0,0,0,0,0,0,0,0,0,0,0,0,0,0,0
10772,0,0,0,0,0,0,0,0,0,0,0,0,0,0,0,0,0,0
48298,0,0,0,0,0,0,0,0,0,0,0,0,0,0,0,0,0,0
52630,0,0,0,0,0,0,0,0,0,0,0,0,0,0,0,0,0,0
56255,0,0,0,0,0,0,0,0,0,0,0,0,0,0,0,0,0,0
23713,0,0,0,0,0,0,0,0,0,0,0,0,0,0,0,0,0,0
297517,0,0,0,0,0,0,0,0,0,0,0,0,0,0,0,0,0,0
24699,0,0,0,0,0,0,0,0,0,0,0,0,0,0,0,0,0,0
24599,0,0,0,0,0,0,0,0,0,0,0,0,0,0,0,0,0,0
440162,0,0,0,0,0,0,0,0,0,0,0,0,0,0,0,0,0,0
348129,0,0,0,0,0,0,0,0,0,0,0,0,0,0,0,0,0,0
307237,0,0,0,0,0,0,0,0,0,0,0,0,0,0,0,0,0,0
303349,0,0,0,0,0,0,0,0,0,0,0,0,0,0,0,0,0,0
25613,0,0,0,0,0,0,0,0,0,0,0,0,0,0,0,0,0,0
457249,0,0,0,0,0,0,0,0,0,0,0,0,0,0,0,0,0,0
6480,0,0,0,0,0,0,0,0,0,0,0,0,0,0,0,0,0,0
38929,0,0,0,0,0,0,0,0,0,0,0,0,0,0,0,0,0,0
37601,0,0,0,0,0,0,0,0,0,0,0,0,0,0,0,0,0,0
364330,0,0,0,0,0,0,0,0,0,0,0,0,0,0,0,0,0,0
38626,0,0,0,0,0,0,0,0,0,0,0,0,0,0,0,0,0,0
43871,0,0,0,0,0,0,0,0,0,0,0,0,0,0,0,0,0,0
672775,0,0,0,0,0,0,0,0,0,0,0,0,0,0,0,0,0,0
326632,0,0,0,0,0,0,0,0,0,0,0,0,0,0,0,0,0,0
428366,0,0,0,0,0,0,0,0,0,0,0,0,0,0,0,0,0,0
420427,0,0,0,0,0,0,0,0,0,0,0,0,0,0,0,0,0,0
23460,0,0,0,0,0,0,0,0,0,0,0,0,0,0,0,0,0,0
38973,0,0,0,0,0,0,0,0,0,0,0,0,0,0,0,0,0,0
228622,0,0,0,0,0,0,0,0,0,0,0,0,0,0,0,0,0,0
950303,0,0,0,0,0,0,0,0,0,0,0,0,0,0,0,0,0,0
38401,1,1,0,25,19,25.0,1.3157894736842106,0,0,0,0,0,0,0,0,0,0,0
40170,0,0,0,0,0,0,0,0,0,0,0,0,0,0,0,0,0,0
247235,0,0,0,0,0,0,0,0,0,0,0,0,0,0,0,0,0,0
55235,0,0,0,0,0,0,0,0,0,0,0,0,0,0,0,0,0,0
245373,0,0,0,0,0,0,0,0,0,0,0,0,0,0,0,0,0,0
352894,0,0,0,0,0,0,0,0,0,0,0,0,0,0,0,0,0,0
533862,0,0,0,0,0,0,0,0,0,0,0,0,0,0,0,0,0,0
28067,0,0,0,0,0,0,0,0,0,0,0,0,0,0,0,0,0,0
24711,0,0,0,0,0,0,0,0,0,0,0,0,0,0,0,0,0,0
291844,0,0,0,0,0,0,0,0,0,0,0,0,0,0,0,0,0,0
56268,0,0,0,0,0,0,0,0,0,0,0,0,0,0,0,0,0,0
55700,0,0,0,0,0,0,0,0,0,0,0,0,0,0,0,0,0,0
41434,0,0,0,0,0,0,0,0,0,0,0,0,0,0,0,0,0,0
55854,0,0,0,0,0,0,0,0,0,0,0,0,0,0,0,0,0,0
718553,0,0,0,0,0,0,0,0,0,0,0,0,0,0,0,0,0,0
55714,0,0,0,0,0,0,0,0,0,0,0,0,0,0,0,0,0,0
422965,0,0,0,0,0,0,0,0,0,0,0,0,0,0,0,0,0,0
30873,0,0,0,0,0,0,0,0,0,0,0,0,0,0,0,0,0,0
8501,0,0,0,0,0,0,0,0,0,0,0,0,0,0,0,0,0,0
343529,0,0,0,0,0,0,0,0,0,0,0,0,0,0,0,0,0,0
25872,0,0,0,0,0,0,0,0,0,0,0,0,0,0,0,0,0,0
42641,0,0,0,0,0,0,0,0,0,0,0,0,0,0,0,0,0,0
55275,0,0,0,0,0,0,0,0,0,0,0,0,0,0,0,0,0,0
4923,0,0,0,0,0,0,0,0,0,0,0,0,0,0,0,0,0,0
52962,0,0,0,0,0,0,0,0,0,0,0,0,0,0,0,0,0,0
8487,0,0,0,0,0,0,0,0,0,0,0,0,0,0,0,0,0,0
16885,0,0,0,0,0,0,0,0,0,0,0,0,0,0,0,0,0,0
24943,0,0,0,0,0,0,0,0,0,0,0,0,0,0,0,0,0,0
8241,0,0,0,0,0,0,0,0,0,0,0,0,0,0,0,0,0,0
24875,0,0,0,0,0,0,0,0,0,0,0,0,0,0,0,0,0,0
325012,0,0,0,0,0,0,0,0,0,0,0,0,0,0,0,0,0,0
7926,0,0,0,0,0,0,0,0,0,0,0,0,0,0,0,0,0,0
417381,0,0,0,0,0,0,0,0,0,0,0,0,0,0,0,0,0,0
633426,0,0,0,0,0,0,0,0,0,0,0,0,0,0,0,0,0,0
7656,0,0,0,0,0,0,0,0,0,0,0,0,0,0,0,0,0,0
208657,0,0,0,0,0,0,0,0,0,0,0,0,0,0,0,0,0,0
43751,0,0,0,0,0,0,0,0,0,0,0,0,0,0,0,0,0,0
392944,0,0,0,0,0,0,0,0,0,0,0,0,0,0,0,0,0,0
41306,0,0,0,0,0,0,0,0,0,0,0,0,0,0,0,0,0,0
55988,0,0,0,0,0,0,0,0,0,0,0,0,0,0,0,0,0,0
974719,0,0,0,0,0,0,0,0,0,0,0,0,0,0,0,0,0,0
303435,0,0,0,0,0,0,0,0,0,0,0,0,0,0,0,0,0,0
23811,0,0,0,0,0,0,0,0,0,0,0,0,0,0,0,0,0,0
46681,0,0,0,0,0,0,0,0,0,0,0,0,0,0,0,0,0,0
24714,0,0,0,0,0,0,0,0,0,0,0,0,0,0,0,0,0,0
34059,0,0,0,0,0,0,0,0,0,0,0,0,0,0,0,0,0,0
43909,0,0,0,0,0,0,0,0,0,0,0,0,0,0,0,0,0,0
55346,0,0,0,0,0,0,0,0,0,0,0,0,0,0,0,0,0,0
51226,0,0,0,0,0,0,0,0,0,0,0,0,0,0,0,0,0,0
52810,0,0,0,0,0,0,0,0,0,0,0,0,0,0,0,0,0,0
55497,0,0,0,0,0,0,0,0,0,0,0,0,0,0,0,0,0,0
45396,0,0,0,0,0,0,0,0,0,0,0,0,0,0,0,0,0,0
55509,0,0,0,0,0,0,0,0,0,0,0,0,0,0,0,0,0,0
49178,0,0,0,0,0,0,0,0,0,0,0,0,0,0,0,0,0,0
516561,0,0,0,0,0,0,0,0,0,0,0,0,0,0,0,0,0,0
51050,0,0,0,0,0,0,0,0,0,0,0,0,0,0,0,0,0,0
6628,0,0,0,0,0,0,0,0,0,0,0,0,0,0,0,0,0,0
41299,0,0,0,0,0,0,0,0,0,0,0,0,0,0,0,0,0,0
500236,0,0,0,0,0,0,0,0,0,0,0,0,0,0,0,0,0,0
39013,0,0,0,0,0,0,0,0,0,0,0,0,0,0,0,0,0,0
22365,0,0,0,0,0,0,0,0,0,0,0,0,0,0,0,0,0,0
42646,0,0,0,0,0,0,0,0,0,0,0,0,0,0,0,0,0,0
44070,0,0,0,0,0,0,0,0,0,0,0,0,0,0,0,0,0,0
5724,0,0,0,0,0,0,0,0,0,0,0,0,0,0,0,0,0,0
52960,0,0,0,0,0,0,0,0,0,0,0,0,0,0,0,0,0,0
32179,0,0,0,0,0,0,0,0,0,0,0,0,0,0,0,0,0,0
6938,0,0,0,0,0,0,0,0,0,0,0,0,0,0,0,0,0,0
537126,0,0,0,0,0,0,0,0,0,0,0,0,0,0,0,0,0,0
46797,0,0,0,0,0,0,0,0,0,0,0,0,0,0,0,0,0,0
43515,0,0,0,0,0,0,0,0,0,0,0,0,0,0,0,0,0,0
10617,0,0,0,0,0,0,0,0,0,0,0,0,0,0,0,0,0,0
216920,0,0,0,0,0,0,0,0,0,0,0,0,0,0,0,0,0,0
7629,0,0,0,0,0,0,0,0,0,0,0,0,0,0,0,0,0,0
249866,0,0,0,0,0,0,0,0,0,0,0,0,0,0,0,0,0,0
42362,0,0,0,0,0,0,0,0,0,0,0,0,0,0,0,0,0,0
33949,0,0,0,0,0,0,0,0,0,0,0,0,0,0,0,0,0,0
6534,0,0,0,0,0,0,0,0,0,0,0,0,0,0,0,0,0,0
8192,0,0,0,0,0,0,0,0,0,0,0,0,0,0,0,0,0,0
498440,0,0,0,0,0,0,0,0,0,0,0,0,0,0,0,0,0,0
272465,0,0,0,0,0,0,0,0,0,0,0,0,0,0,0,0,0,0
6038,0,0,0,0,0,0,0,0,0,0,0,0,0,0,0,0,0,0
24874,0,0,0,0,0,0,0,0,0,0,0,0,0,0,0,0,0,0
30750,0,0,0,0,0,0,0,0,0,0,0,0,0,0,0,0,0,0
536936,0,0,0,0,0,0,0,0,0,0,0,0,0,0,0,0,0,0
24139,0,0,0,0,0,0,0,0,0,0,0,0,0,0,0,0,0,0
272262,0,0,0,0,0,0,0,0,0,0,0,0,0,0,0,0,0,0
47884,0,0,0,0,0,0,0,0,0,0,0,0,0,0,0,0,0,0
21431,0,0,0,0,0,0,0,0,0,0,0,0,0,0,0,0,0,0
303341,0,0,0,0,0,0,0,0,0,0,0,0,0,0,0,0,0,0
24212,0,0,0,0,0,0,0,0,0,0,0,0,0,0,0,0,0,0
416103,0,0,0,0,0,0,0,0,0,0,0,0,0,0,0,0,0,0
55820,0,0,0,0,0,0,0,0,0,0,0,0,0,0,0,0,0,0
11865,0,0,0,0,0,0,0,0,0,0,0,0,0,0,0,0,0,0
55872,0,0,0,0,0,0,0,0,0,0,0,0,0,0,0,0,0,0
8220,0,0,0,0,0,0,0,0,0,0,0,0,0,0,0,0,0,0
56160,0,0,0,0,0,0,0,0,0,0,0,0,0,0,0,0,0,0
46214,0,0,0,0,0,0,0,0,0,0,0,0,0,0,0,0,0,0
23899,0,0,0,0,0,0,0,0,0,0,0,0,0,0,0,0,0,0
268740,0,0,0,0,0,0,0,0,0,0,0,0,0,0,0,0,0,0
38133,0,0,0,0,0,0,0,0,0,0,0,0,0,0,0,0,0,0
49359,0,0,0,0,0,0,0,0,0,0,0,0,0,0,0,0,0,0
341593,0,0,0,0,0,0,0,0,0,0,0,0,0,0,0,0,0,0
52626,0,0,0,0,0,0,0,0,0,0,0,0,0,0,0,0,0,0
44752,0,0,0,0,0,0,0,0,0,0,0,0,0,0,0,0,0,0
48117,0,0,0,0,0,0,0,0,0,0,0,0,0,0,0,0,0,0
29990,0,0,0,0,0,0,0,0,0,0,0,0,0,0,0,0,0,0
44936,0,0,0,0,0,0,0,0,0,0,0,0,0,0,0,0,0,0
25875,0,0,0,0,0,0,0,0,0,0,0,0,0,0,0,0,0,0
53234,0,0,0,0,0,0,0,0,0,0,0,0,0,0,0,0,0,0
48470,0,0,0,0,0,0,0,0,0,0,0,0,0,0,0,0,0,0
43919,0,0,0,0,0,0,0,0,0,0,0,0,0,0,0,0,0,0
48967,0,0,0,0,0,0,0,0,0,0,0,0,0,0,0,0,0,0
24129,0,0,0,0,0,0,0,0,0,0,0,0,0,0,0,0,0,0
56219,0,0,0,0,0,0,0,0,0,0,0,0,0,0,0,0,0,0
16378,0,0,0,0,0,0,0,0,0,0,0,0,0,0,0,0,0,0
55705,0,0,0,0,0,0,0,0,0,0,0,0,0,0,0,0,0,0
7924,0,0,0,0,0,0,0,0,0,0,0,0,0,0,0,0,0,0
43590,0,0,0,0,0,0,0,0,0,0,0,0,0,0,0,0,0,0
240609,0,0,0,0,0,0,0,0,0,0,0,0,0,0,0,0,0,0
24790,0,0,0,0,0,0,0,0,0,0,0,0,0,0,0,0,0,0
55822,0,0,0,0,0,0,0,0,0,0,0,0,0,0,0,0,0,0
33952,0,0,0,0,0,0,0,0,0,0,0,0,0,0,0,0,0,0
50844,0,0,0,0,0,0,0,0,0,0,0,0,0,0,0,0,0,0
44149,0,0,0,0,0,0,0,0,0,0,0,0,0,0,0,0,0,0
245490,0,0,0,0,0,0,0,0,0,0,0,0,0,0,0,0,0,0
21607,0,0,0,0,0,0,0,0,0,0,0,0,0,0,0,0,0,0
12507,0,0,0,0,0,0,0,0,0,0,0,0,0,0,0,0,0,0
55579,0,0,0,0,0,0,0,0,0,0,0,0,0,0,0,0,0,0
49361,0,0,0,0,0,0,0,0,0,0,0,0,0,0,0,0,0,0
56235,0,0,0,0,0,0,0,0,0,0,0,0,0,0,0,0,0,0
292152,0,0,0,0,0,0,0,0,0,0,0,0,0,0,0,0,0,0
24952,0,0,0,0,0,0,0,0,0,0,0,0,0,0,0,0,0,0
671805,0,0,0,0,0,0,0,0,0,0,0,0,0,0,0,0,0,0
12923,0,0,0,0,0,0,0,0,0,0,0,0,0,0,0,0,0,0
51862,0,0,0,0,0,0,0,0,0,0,0,0,0,0,0,0,0,0
290716,0,0,0,0,0,0,0,0,0,0,0,0,0,0,0,0,0,0
23803,0,0,0,0,0,0,0,0,0,0,0,0,0,0,0,0,0,0
444135,0,0,0,0,0,0,0,0,0,0,0,0,0,0,0,0,0,0
401057,0,0,0,0,0,0,0,0,0,0,0,0,0,0,0,0,0,0
52805,0,0,0,0,0,0,0,0,0,0,0,0,0,0,0,0,0,0
24804,0,0,0,0,0,0,0,0,0,0,0,0,0,0,0,0,0,0
13437,0,0,0,0,0,0,0,0,0,0,0,0,0,0,0,0,0,0
26815,0,0,0,0,0,0,0,0,0,0,0,0,0,0,0,0,0,0
24835,0,0,0,0,0,0,0,0,0,0,0,0,0,0,0,0,0,0
52076,0,0,0,0,0,0,0,0,0,0,0,0,0,0,0,0,0,0
319613,0,0,0,0,0,0,0,0,0,0,0,0,0,0,0,0,0,0
33058,0,0,0,0,0,0,0,0,0,0,0,0,0,0,0,0,0,0
44956,0,0,0,0,0,0,0,0,0,0,0,0,0,0,0,0,0,0
40043,0,0,0,0,0,0,0,0,0,0,0,0,0,0,0,0,0,0
50245,0,0,0,0,0,0,0,0,0,0,0,0,0,0,0,0,0,0
24706,0,0,0,0,0,0,0,0,0,0,0,0,0,0,0,0,0,0
25022,0,0,0,0,0,0,0,0,0,0,0,0,0,0,0,0,0,0
51880,0,0,0,0,0,0,0,0,0,0,0,0,0,0,0,0,0,0
50802,0,0,0,0,0,0,0,0,0,0,0,0,0,0,0,0,0,0
33151,0,0,0,0,0,0,0,0,0,0,0,0,0,0,0,0,0,0
25481,0,0,0,0,0,0,0,0,0,0,0,0,0,0,0,0,0,0
28114,0,0,0,0,0,0,0,0,0,0,0,0,0,0,0,0,0,0
333782,0,0,0,0,0,0,0,0,0,0,0,0,0,0,0,0,0,0
26948,0,0,0,0,0,0,0,0,0,0,0,0,0,0,0,0,0,0
49554,0,0,0,0,0,0,0,0,0,0,0,0,0,0,0,0,0,0
24974,0,0,0,0,0,0,0,0,0,0,0,0,0,0,0,0,0,0
47270,0,0,0,0,0,0,0,0,0,0,0,0,0,0,0,0,0,0
56224,0,0,0,0,0,0,0,0,0,0,0,0,0,0,0,0,0,0
23865,0,0,0,0,0,0,0,0,0,0,0,0,0,0,0,0,0,0
559066,0,0,0,0,0,0,0,0,0,0,0,0,0,0,0,0,0,0
51659,0,0,0,0,0,0,0,0,0,0,0,0,0,0,0,0,0,0
55353,0,0,0,0,0,0,0,0,0,0,0,0,0,0,0,0,0,0
23900,0,0,0,0,0,0,0,0,0,0,0,0,0,0,0,0,0,0
56180,0,0,0,0,0,0,0,0,0,0,0,0,0,0,0,0,0,0
38407,0,0,0,0,0,0,0,0,0,0,0,0,0,0,0,0,0,0
499660,0,0,0,0,0,0,0,0,0,0,0,0,0,0,0,0,0,0
43726,0,0,0,0,0,0,0,0,0,0,0,0,0,0,0,0,0,0
5685,0,0,0,0,0,0,0,0,0,0,0,0,0,0,0,0,0,0
524249,0,0,0,0,0,0,0,0,0,0,0,0,0,0,0,0,0,0
393279,0,0,0,0,0,0,0,0,0,0,0,0,0,0,0,0,0,0
35654,0,0,0,0,0,0,0,0,0,0,0,0,0,0,0,0,0,0
16320,0,0,0,0,0,0,0,0,0,0,0,0,0,0,0,0,0,0
43650,0,0,0,0,0,0,0,0,0,0,0,0,0,0,0,0,0,0
55870,0,0,0,0,0,0,0,0,0,0,0,0,0,0,0,0,0,0
353431,0,0,0,0,0,0,0,0,0,0,0,0,0,0,0,0,0,0
23848,0,0,0,0,0,0,0,0,0,0,0,0,0,0,0,0,0,0
318340,0,0,0,0,0,0,0,0,0,0,0,0,0,0,0,0,0,0
42639,0,0,0,0,0,0,0,0,0,0,0,0,0,0,0,0,0,0
25056,0,0,0,0,0,0,0,0,0,0,0,0,0,0,0,0,0,0
37235,0,0,0,0,0,0,0,0,0,0,0,0,0,0,0,0,0,0
298195,0,0,0,0,0,0,0,0,0,0,0,0,0,0,0,0,0,0
21598,0,0,0,0,0,0,0,0,0,0,0,0,0,0,0,0,0,0
46774,0,0,0,0,0,0,0,0,0,0,0,0,0,0,0,0,0,0
24760,0,0,0,0,0,0,0,0,0,0,0,0,0,0,0,0,0,0
296597,0,0,0,0,0,0,0,0,0,0,0,0,0,0,0,0,0,0
48809,0,0,0,0,0,0,0,0,0,0,0,0,0,0,0,0,0,0
33066,0,0,0,0,0,0,0,0,0,0,0,0,0,0,0,0,0,0
380974,0,0,0,0,0,0,0,0,0,0,0,0,0,0,0,0,0,0
46976,0,0,0,0,0,0,0,0,0,0,0,0,0,0,0,0,0,0
45789,0,0,0,0,0,0,0,0,0,0,0,0,0,0,0,0,0,0
24901,0,0,0,0,0,0,0,0,0,0,0,0,0,0,0,0,0,0
24918,0,0,0,0,0,0,0,0,0,0,0,0,0,0,0,0,0,0
26806,0,0,0,0,0,0,0,0,0,0,0,0,0,0,0,0,0,0
52199,1,1,0,65,61,65.0,1.0655737704918034,1,0,0,0,0,0,0,0,0,0,0
26829,0,0,0,0,0,0,0,0,0,0,0,0,0,0,0,0,0,0
56098,0,0,0,0,0,0,0,0,0,0,0,0,0,0,0,0,0,0
303669,0,0,0,0,0,0,0,0,0,0,0,0,0,0,0,0,0,0
4996,0,0,0,0,0,0,0,0,0,0,0,0,0,0,0,0,0,0
20259,0,0,0,0,0,0,0,0,0,0,0,0,0,0,0,0,0,0
348059,0,0,0,0,0,0,0,0,0,0,0,0,0,0,0,0,0,0
332978,0,0,0,0,0,0,0,0,0,0,0,0,0,0,0,0,0,0
15485,0,0,0,0,0,0,0,0,0,0,0,0,0,0,0,0,0,0
45813,0,0,0,0,0,0,0,0,0,0,0,0,0,0,0,0,0,0
465793,0,0,0,0,0,0,0,0,0,0,0,0,0,0,0,0,0,0
53130,0,0,0,0,0,0,0,0,0,0,0,0,0,0,0,0,0,0
243942,0,0,0,0,0,0,0,0,0,0,0,0,0,0,0,0,0,0
38710,1,0,0,0,0,0,0,0,0,0,0,1,60,28,1,28.0,2.8,60.0
25432,0,0,0,0,0,0,0,0,0,0,0,0,0,0,0,0,0,0
55525,0,0,0,0,0,0,0,0,0,0,0,0,0,0,0,0,0,0
38699,0,0,0,0,0,0,0,0,0,0,0,0,0,0,0,0,0,0
38620,0,0,0,0,0,0,0,0,0,0,0,0,0,0,0,0,0,0
46393,0,0,0,0,0,0,0,0,0,0,0,0,0,0,0,0,0,0
55937,0,0,0,0,0,0,0,0,0,0,0,0,0,0,0,0,0,0
3943,0,0,0,0,0,0,0,0,0,0,0,0,0,0,0,0,0,0
272279,0,0,0,0,0,0,0,0,0,0,0,0,0,0,0,0,0,0
5472,0,0,0,0,0,0,0,0,0,0,0,0,0,0,0,0,0,0
793447,0,0,0,0,0,0,0,0,0,0,0,0,0,0,0,0,0,0
25881,0,0,0,0,0,0,0,0,0,0,0,0,0,0,0,0,0,0
414397,0,0,0,0,0,0,0,0,0,0,0,0,0,0,0,0,0,0
44098,0,0,0,0,0,0,0,0,0,0,0,0,0,0,0,0,0,0
56153,0,0,0,0,0,0,0,0,0,0,0,0,0,0,0,0,0,0
37532,0,0,0,0,0,0,0,0,0,0,0,0,0,0,0,0,0,0
36185,1,1,0,77,101,77.0,0.7623762376237624,1,0,0,0,1,54,37,1,37.0,4.111111111111112,54.0
55782,0,0,0,0,0,0,0,0,0,0,0,0,0,0,0,0,0,0
434429,0,0,0,0,0,0,0,0,0,0,0,0,0,0,0,0,0,0
56007,0,0,0,0,0,0,0,0,0,0,0,0,0,0,0,0,0,0
25065,0,0,0,0,0,0,0,0,0,0,0,0,0,0,0,0,0,0
49854,0,0,0,0,0,0,0,0,0,0,0,0,0,0,0,0,0,0
21650,0,0,0,0,0,0,0,0,0,0,0,0,0,0,0,0,0,0
50205,0,0,0,0,0,0,0,0,0,0,0,0,0,0,0,0,0,0
23755,0,0,0,0,0,0,0,0,0,0,0,0,0,0,0,0,0,0
414966,0,0,0,0,0,0,0,0,0,0,0,0,0,0,0,0,0,0
41046,0,0,0,0,0,0,0,0,0,0,0,0,0,0,0,0,0,0
24923,0,0,0,0,0,0,0,0,0,0,0,0,0,0,0,0,0,0
38749,0,0,0,0,0,0,0,0,0,0,0,0,0,0,0,0,0,0
55684,0,0,0,0,0,0,0,0,0,0,0,0,0,0,0,0,0,0
55966,0,0,0,0,0,0,0,0,0,0,0,0,0,0,0,0,0,0
51657,0,0,0,0,0,0,0,0,0,0,0,0,0,0,0,0,0,0
387435,0,0,0,0,0,0,0,0,0,0,0,0,0,0,0,0,0,0
13411,0,0,0,0,0,0,0,0,0,0,0,0,0,0,0,0,0,0
533956,0,0,0,0,0,0,0,0,0,0,0,0,0,0,0,0,0,0
46973,0,0,0,0,0,0,0,0,0,0,0,0,0,0,0,0,0,0
355107,0,0,0,0,0,0,0,0,0,0,0,0,0,0,0,0,0,0
55324,0,0,0,0,0,0,0,0,0,0,0,0,0,0,0,0,0,0
318842,0,0,0,0,0,0,0,0,0,0,0,0,0,0,0,0,0,0
39821,0,0,0,0,0,0,0,0,0,0,0,0,0,0,0,0,0,0
55887,0,0,0,0,0,0,0,0,0,0,0,0,0,0,0,0,0,0
41259,0,0,0,0,0,0,0,0,0,0,0,0,0,0,0,0,0,0
15383,0,0,0,0,0,0,0,0,0,0,0,0,0,0,0,0,0,0
7691,0,0,0,0,0,0,0,0,0,0,0,0,0,0,0,0,0,0
52833,0,0,0,0,0,0,0,0,0,0,0,0,0,0,0,0,0,0
44102,0,0,0,0,0,0,0,0,0,0,0,0,0,0,0,0,0,0
55408,0,0,0,0,0,0,0,0,0,0,0,0,0,0,0,0,0,0
10870,0,0,0,0,0,0,0,0,0,0,0,0,0,0,0,0,0,0
52675,1,1,1,2,5,0,0.4,0,0,0,0,1,54,52,0,0,5.777777777777778,0
8608,0,0,0,0,0,0,0,0,0,0,0,0,0,0,0,0,0,0
308515,0,0,0,0,0,0,0,0,0,0,0,0,0,0,0,0,0,0
55915,0,0,0,0,0,0,0,0,0,0,0,0,0,0,0,0,0,0
6060,0,0,0,0,0,0,0,0,0,0,0,0,0,0,0,0,0,0
33034,0,0,0,0,0,0,0,0,0,0,0,0,0,0,0,0,0,0
348135,0,0,0,0,0,0,0,0,0,0,0,0,0,0,0,0,0,0
51487,0,0,0,0,0,0,0,0,0,0,0,0,0,0,0,0,0,0
47242,0,0,0,0,0,0,0,0,0,0,0,0,0,0,0,0,0,0
1093091,0,0,0,0,0,0,0,0,0,0,0,0,0,0,0,0,0,0
8526,0,0,0,0,0,0,0,0,0,0,0,0,0,0,0,0,0,0
47011,0,0,0,0,0,0,0,0,0,0,0,0,0,0,0,0,0,0
272994,0,0,0,0,0,0,0,0,0,0,0,0,0,0,0,0,0,0
24844,0,0,0,0,0,0,0,0,0,0,0,0,0,0,0,0,0,0
5390,0,0,0,0,0,0,0,0,0,0,0,0,0,0,0,0,0,0
25544,0,0,0,0,0,0,0,0,0,0,0,0,0,0,0,0,0,0
52294,1,0,0,0,0,0,0,0,0,0,0,1,49,24,3,8.0,2.9387755102040813,16.333333333333332
38246,0,0,0,0,0,0,0,0,0,0,0,0,0,0,0,0,0,0
37712,1,1,0,1,11,1.0,0.09090909090909091,0,0,0,0,0,0,0,0,0,0,0
25091,0,0,0,0,0,0,0,0,0,0,0,0,0,0,0,0,0,0
524253,0,0,0,0,0,0,0,0,0,0,0,0,0,0,0,0,0,0
370040,0,0,0,0,0,0,0,0,0,0,0,0,0,0,0,0,0,0
52206,0,0,0,0,0,0,0,0,0,0,0,0,0,0,0,0,0,0
333000,0,0,0,0,0,0,0,0,0,0,0,0,0,0,0,0,0,0
391485,0,0,0,0,0,0,0,0,0,0,0,0,0,0,0,0,0,0
8468,0,0,0,0,0,0,0,0,0,0,0,0,0,0,0,0,0,0
5692,0,0,0,0,0,0,0,0,0,0,0,0,0,0,0,0,0,0
50431,0,0,0,0,0,0,0,0,0,0,0,0,0,0,0,0,0,0
42879,0,0,0,0,0,0,0,0,0,0,0,0,0,0,0,0,0,0
398439,0,0,0,0,0,0,0,0,0,0,0,0,0,0,0,0,0,0
25540,0,0,0,0,0,0,0,0,0,0,0,0,0,0,0,0,0,0
23799,0,0,0,0,0,0,0,0,0,0,0,0,0,0,0,0,0,0
24261,0,0,0,0,0,0,0,0,0,0,0,0,0,0,0,0,0,0
24149,0,0,0,0,0,0,0,0,0,0,0,0,0,0,0,0,0,0
21611,0,0,0,0,0,0,0,0,0,0,0,0,0,0,0,0,0,0
16203,0,0,0,0,0,0,0,0,0,0,0,0,0,0,0,0,0,0
56266,0,0,0,0,0,0,0,0,0,0,0,0,0,0,0,0,0,0
308418,0,0,0,0,0,0,0,0,0,0,0,0,0,0,0,0,0,0
48120,0,0,0,0,0,0,0,0,0,0,0,0,0,0,0,0,0,0
55568,0,0,0,0,0,0,0,0,0,0,0,0,0,0,0,0,0,0
23874,0,0,0,0,0,0,0,0,0,0,0,0,0,0,0,0,0,0
472153,0,0,0,0,0,0,0,0,0,0,0,0,0,0,0,0,0,0
52622,0,0,0,0,0,0,0,0,0,0,0,0,0,0,0,0,0,0
381734,0,0,0,0,0,0,0,0,0,0,0,0,0,0,0,0,0,0
331375,0,0,0,0,0,0,0,0,0,0,0,0,0,0,0,0,0,0
55269,0,0,0,0,0,0,0,0,0,0,0,0,0,0,0,0,0,0
625371,0,0,0,0,0,0,0,0,0,0,0,0,0,0,0,0,0,0
556749,0,0,0,0,0,0,0,0,0,0,0,0,0,0,0,0,0,0
524044,0,0,0,0,0,0,0,0,0,0,0,0,0,0,0,0,0,0
681305,0,0,0,0,0,0,0,0,0,0,0,0,0,0,0,0,0,0
4161,0,0,0,0,0,0,0,0,0,0,0,0,0,0,0,0,0,0
509107,0,0,0,0,0,0,0,0,0,0,0,0,0,0,0,0,0,0
36075,0,0,0,0,0,0,0,0,0,0,0,0,0,0,0,0,0,0
49626,0,0,0,0,0,0,0,0,0,0,0,0,0,0,0,0,0,0
276298,0,0,0,0,0,0,0,0,0,0,0,0,0,0,0,0,0,0
52917,0,0,0,0,0,0,0,0,0,0,0,0,0,0,0,0,0,0
50848,0,0,0,0,0,0,0,0,0,0,0,0,0,0,0,0,0,0
15403,0,0,0,0,0,0,0,0,0,0,0,0,0,0,0,0,0,0
51446,0,0,0,0,0,0,0,0,0,0,0,0,0,0,0,0,0,0
390752,0,0,0,0,0,0,0,0,0,0,0,0,0,0,0,0,0,0
56227,0,0,0,0,0,0,0,0,0,0,0,0,0,0,0,0,0,0
48445,0,0,0,0,0,0,0,0,0,0,0,0,0,0,0,0,0,0
17121,0,0,0,0,0,0,0,0,0,0,0,0,0,0,0,0,0,0
24229,0,0,0,0,0,0,0,0,0,0,0,0,0,0,0,0,0,0
52812,0,0,0,0,0,0,0,0,0,0,0,0,0,0,0,0,0,0
26853,0,0,0,0,0,0,0,0,0,0,0,0,0,0,0,0,0,0
5593,0,0,0,0,0,0,0,0,0,0,0,0,0,0,0,0,0,0
299572,0,0,0,0,0,0,0,0,0,0,0,0,0,0,0,0,0,0
22328,0,0,0,0,0,0,0,0,0,0,0,0,0,0,0,0,0,0
247007,0,0,0,0,0,0,0,0,0,0,0,0,0,0,0,0,0,0
307449,0,0,0,0,0,0,0,0,0,0,0,0,0,0,0,0,0,0
300628,0,0,0,0,0,0,0,0,0,0,0,0,0,0,0,0,0,0
37251,0,0,0,0,0,0,0,0,0,0,0,0,0,0,0,0,0,0
25552,0,0,0,0,0,0,0,0,0,0,0,0,0,0,0,0,0,0
23846,0,0,0,0,0,0,0,0,0,0,0,0,0,0,0,0,0,0
540316,0,0,0,0,0,0,0,0,0,0,0,0,0,0,0,0,0,0
6549,0,0,0,0,0,0,0,0,0,0,0,0,0,0,0,0,0,0
47239,0,0,0,0,0,0,0,0,0,0,0,0,0,0,0,0,0,0
44486,0,0,0,0,0,0,0,0,0,0,0,0,0,0,0,0,0,0
48465,0,0,0,0,0,0,0,0,0,0,0,0,0,0,0,0,0,0
30151,0,0,0,0,0,0,0,0,0,0,0,0,0,0,0,0,0,0
45963,0,0,0,0,0,0,0,0,0,0,0,0,0,0,0,0,0,0
39898,0,0,0,0,0,0,0,0,0,0,0,0,0,0,0,0,0,0
297524,0,0,0,0,0,0,0,0,0,0,0,0,0,0,0,0,0,0
463217,0,0,0,0,0,0,0,0,0,0,0,0,0,0,0,0,0,0
807535,0,0,0,0,0,0,0,0,0,0,0,0,0,0,0,0,0,0
438563,0,0,0,0,0,0,0,0,0,0,0,0,0,0,0,0,0,0
42062,0,0,0,0,0,0,0,0,0,0,0,0,0,0,0,0,0,0
30102,0,0,0,0,0,0,0,0,0,0,0,0,0,0,0,0,0,0
24237,0,0,0,0,0,0,0,0,0,0,0,0,0,0,0,0,0,0
45224,0,0,0,0,0,0,0,0,0,0,0,0,0,0,0,0,0,0
44716,0,0,0,0,0,0,0,0,0,0,0,0,0,0,0,0,0,0
46987,0,0,0,0,0,0,0,0,0,0,0,0,0,0,0,0,0,0
38740,0,0,0,0,0,0,0,0,0,0,0,0,0,0,0,0,0,0
4527,0,0,0,0,0,0,0,0,0,0,0,0,0,0,0,0,0,0
290727,0,0,0,0,0,0,0,0,0,0,0,0,0,0,0,0,0,0
49535,0,0,0,0,0,0,0,0,0,0,0,0,0,0,0,0,0,0
25123,0,0,0,0,0,0,0,0,0,0,0,0,0,0,0,0,0,0
267454,0,0,0,0,0,0,0,0,0,0,0,0,0,0,0,0,0,0
44682,0,0,0,0,0,0,0,0,0,0,0,0,0,0,0,0,0,0
37248,0,0,0,0,0,0,0,0,0,0,0,0,0,0,0,0,0,0
259410,0,0,0,0,0,0,0,0,0,0,0,0,0,0,0,0,0,0
43697,0,0,0,0,0,0,0,0,0,0,0,0,0,0,0,0,0,0
943281,0,0,0,0,0,0,0,0,0,0,0,0,0,0,0,0,0,0
299821,0,0,0,0,0,0,0,0,0,0,0,0,0,0,0,0,0,0
32091,0,0,0,0,0,0,0,0,0,0,0,0,0,0,0,0,0,0
24692,0,0,0,0,0,0,0,0,0,0,0,0,0,0,0,0,0,0
25471,0,0,0,0,0,0,0,0,0,0,0,0,0,0,0,0,0,0
24945,0,0,0,0,0,0,0,0,0,0,0,0,0,0,0,0,0,0
26896,0,0,0,0,0,0,0,0,0,0,0,0,0,0,0,0,0,0
41297,0,0,0,0,0,0,0,0,0,0,0,0,0,0,0,0,0,0
12850,0,0,0,0,0,0,0,0,0,0,0,0,0,0,0,0,0,0
56102,0,0,0,0,0,0,0,0,0,0,0,0,0,0,0,0,0,0
20278,0,0,0,0,0,0,0,0,0,0,0,0,0,0,0,0,0,0
25661,0,0,0,0,0,0,0,0,0,0,0,0,0,0,0,0,0,0
46750,0,0,0,0,0,0,0,0,0,0,0,0,0,0,0,0,0,0
55301,0,0,0,0,0,0,0,0,0,0,0,0,0,0,0,0,0,0
25434,0,0,0,0,0,0,0,0,0,0,0,0,0,0,0,0,0,0
226493,0,0,0,0,0,0,0,0,0,0,0,0,0,0,0,0,0,0
447458,0,0,0,0,0,0,0,0,0,0,0,0,0,0,0,0,0,0
230549,0,0,0,0,0,0,0,0,0,0,0,0,0,0,0,0,0,0
45458,0,0,0,0,0,0,0,0,0,0,0,0,0,0,0,0,0,0
317273,0,0,0,0,0,0,0,0,0,0,0,0,0,0,0,0,0,0
30009,0,0,0,0,0,0,0,0,0,0,0,0,0,0,0,0,0,0
38393,0,0,0,0,0,0,0,0,0,0,0,0,0,0,0,0,0,0
387420,0,0,0,0,0,0,0,0,0,0,0,0,0,0,0,0,0,0
52347,0,0,0,0,0,0,0,0,0,0,0,0,0,0,0,0,0,0
55472,0,0,0,0,0,0,0,0,0,0,0,0,0,0,0,0,0,0
23725,0,0,0,0,0,0,0,0,0,0,0,0,0,0,0,0,0,0
23759,0,0,0,0,0,0,0,0,0,0,0,0,0,0,0,0,0,0
40560,0,0,0,0,0,0,0,0,0,0,0,0,0,0,0,0,0,0
550235,0,0,0,0,0,0,0,0,0,0,0,0,0,0,0,0,0,0
36310,0,0,0,0,0,0,0,0,0,0,0,0,0,0,0,0,0,0
25132,0,0,0,0,0,0,0,0,0,0,0,0,0,0,0,0,0,0
24860,0,0,0,0,0,0,0,0,0,0,0,0,0,0,0,0,0,0
307652,0,0,0,0,0,0,0,0,0,0,0,0,0,0,0,0,0,0
6565,0,0,0,0,0,0,0,0,0,0,0,0,0,0,0,0,0,0
541224,0,0,0,0,0,0,0,0,0,0,0,0,0,0,0,0,0,0
7319,0,0,0,0,0,0,0,0,0,0,0,0,0,0,0,0,0,0
379145,0,0,0,0,0,0,0,0,0,0,0,0,0,0,0,0,0,0
32540,0,0,0,0,0,0,0,0,0,0,0,0,0,0,0,0,0,0
297433,0,0,0,0,0,0,0,0,0,0,0,0,0,0,0,0,0,0
50246,0,0,0,0,0,0,0,0,0,0,0,0,0,0,0,0,0,0
7612,0,0,0,0,0,0,0,0,0,0,0,0,0,0,0,0,0,0
470699,0,0,0,0,0,0,0,0,0,0,0,0,0,0,0,0,0,0
28808,0,0,0,0,0,0,0,0,0,0,0,0,0,0,0,0,0,0
45821,0,0,0,0,0,0,0,0,0,0,0,0,0,0,0,0,0,0
25604,0,0,0,0,0,0,0,0,0,0,0,0,0,0,0,0,0,0
230855,0,0,0,0,0,0,0,0,0,0,0,0,0,0,0,0,0,0
35565,0,0,0,0,0,0,0,0,0,0,0,0,0,0,0,0,0,0
7326,0,0,0,0,0,0,0,0,0,0,0,0,0,0,0,0,0,0
38117,1,1,0,4,10,4.0,0.4,0,0,0,0,0,0,0,0,0,0,0
24897,0,0,0,0,0,0,0,0,0,0,0,0,0,0,0,0,0,0
26421,0,0,0,0,0,0,0,0,0,0,0,0,0,0,0,0,0,0
55280,0,0,0,0,0,0,0,0,0,0,0,0,0,0,0,0,0,0
49920,0,0,0,0,0,0,0,0,0,0,0,0,0,0,0,0,0,0
297634,0,0,0,0,0,0,0,0,0,0,0,0,0,0,0,0,0,0
55976,0,0,0,0,0,0,0,0,0,0,0,0,0,0,0,0,0,0
384525,0,0,0,0,0,0,0,0,0,0,0,0,0,0,0,0,0,0
10843,0,0,0,0,0,0,0,0,0,0,0,0,0,0,0,0,0,0
19264,0,0,0,0,0,0,0,0,0,0,0,0,0,0,0,0,0,0
270484,0,0,0,0,0,0,0,0,0,0,0,0,0,0,0,0,0,0
47711,0,0,0,0,0,0,0,0,0,0,0,0,0,0,0,0,0,0
252932,0,0,0,0,0,0,0,0,0,0,0,0,0,0,0,0,0,0
39956,0,0,0,0,0,0,0,0,0,0,0,0,0,0,0,0,0,0
39038,0,0,0,0,0,0,0,0,0,0,0,0,0,0,0,0,0,0
37237,0,0,0,0,0,0,0,0,0,0,0,0,0,0,0,0,0,0
6274,0,0,0,0,0,0,0,0,0,0,0,0,0,0,0,0,0,0
41440,0,0,0,0,0,0,0,0,0,0,0,0,0,0,0,0,0,0
29280,0,0,0,0,0,0,0,0,0,0,0,0,0,0,0,0,0,0
646175,0,0,0,0,0,0,0,0,0,0,0,0,0,0,0,0,0,0
307075,0,0,0,0,0,0,0,0,0,0,0,0,0,0,0,0,0,0
392945,0,0,0,0,0,0,0,0,0,0,0,0,0,0,0,0,0,0
8476,0,0,0,0,0,0,0,0,0,0,0,0,0,0,0,0,0,0
46248,0,0,0,0,0,0,0,0,0,0,0,0,0,0,0,0,0,0
223642,0,0,0,0,0,0,0,0,0,0,0,0,0,0,0,0,0,0
298197,0,0,0,0,0,0,0,0,0,0,0,0,0,0,0,0,0,0
52413,0,0,0,0,0,0,0,0,0,0,0,0,0,0,0,0,0,0
52995,0,0,0,0,0,0,0,0,0,0,0,0,0,0,0,0,0,0
6525,0,0,0,0,0,0,0,0,0,0,0,0,0,0,0,0,0,0
304735,0,0,0,0,0,0,0,0,0,0,0,0,0,0,0,0,0,0
326434,0,0,0,0,0,0,0,0,0,0,0,0,0,0,0,0,0,0
308251,0,0,0,0,0,0,0,0,0,0,0,0,0,0,0,0,0,0
44954,0,0,0,0,0,0,0,0,0,0,0,0,0,0,0,0,0,0
8453,0,0,0,0,0,0,0,0,0,0,0,0,0,0,0,0,0,0
276370,0,0,0,0,0,0,0,0,0,0,0,0,0,0,0,0,0,0
36294,0,0,0,0,0,0,0,0,0,0,0,0,0,0,0,0,0,0
55573,0,0,0,0,0,0,0,0,0,0,0,0,0,0,0,0,0,0
35657,0,0,0,0,0,0,0,0,0,0,0,0,0,0,0,0,0,0
401537,0,0,0,0,0,0,0,0,0,0,0,0,0,0,0,0,0,0
56025,0,0,0,0,0,0,0,0,0,0,0,0,0,0,0,0,0,0
49005,0,0,0,0,0,0,0,0,0,0,0,0,0,0,0,0,0,0
23866,0,0,0,0,0,0,0,0,0,0,0,0,0,0,0,0,0,0
44097,0,0,0,0,0,0,0,0,0,0,0,0,0,0,0,0,0,0
43648,0,0,0,0,0,0,0,0,0,0,0,0,0,0,0,0,0,0
232359,0,0,0,0,0,0,0,0,0,0,0,0,0,0,0,0,0,0
52672,0,0,0,0,0,0,0,0,0,0,0,0,0,0,0,0,0,0
49857,0,0,0,0,0,0,0,0,0,0,0,0,0,0,0,0,0,0
50846,0,0,0,0,0,0,0,0,0,0,0,0,0,0,0,0,0,0
49767,0,0,0,0,0,0,0,0,0,0,0,0,0,0,0,0,0,0
55321,0,0,0,0,0,0,0,0,0,0,0,0,0,0,0,0,0,0
24882,0,0,0,0,0,0,0,0,0,0,0,0,0,0,0,0,0,0
37740,0,0,0,0,0,0,0,0,0,0,0,0,0,0,0,0,0,0
36632,0,0,0,0,0,0,0,0,0,0,0,0,0,0,0,0,0,0
208253,0,0,0,0,0,0,0,0,0,0,0,0,0,0,0,0,0,0
40880,0,0,0,0,0,0,0,0,0,0,0,0,0,0,0,0,0,0
51739,0,0,0,0,0,0,0,0,0,0,0,0,0,0,0,0,0,0
38418,0,0,0,0,0,0,0,0,0,0,0,0,0,0,0,0,0,0
348037,0,0,0,0,0,0,0,0,0,0,0,0,0,0,0,0,0,0
55343,0,0,0,0,0,0,0,0,0,0,0,0,0,0,0,0,0,0
26238,0,0,0,0,0,0,0,0,0,0,0,0,0,0,0,0,0,0
41452,0,0,0,0,0,0,0,0,0,0,0,0,0,0,0,0,0,0
259551,0,0,0,0,0,0,0,0,0,0,0,0,0,0,0,0,0,0
272473,0,0,0,0,0,0,0,0,0,0,0,0,0,0,0,0,0,0
52918,0,0,0,0,0,0,0,0,0,0,0,0,0,0,0,0,0,0
37696,0,0,0,0,0,0,0,0,0,0,0,0,0,0,0,0,0,0
24605,0,0,0,0,0,0,0,0,0,0,0,0,0,0,0,0,0,0
55438,0,0,0,0,0,0,0,0,0,0,0,0,0,0,0,0,0,0
506612,0,0,0,0,0,0,0,0,0,0,0,0,0,0,0,0,0,0
38264,0,0,0,0,0,0,0,0,0,0,0,0,0,0,0,0,0,0
33963,0,0,0,0,0,0,0,0,0,0,0,0,0,0,0,0,0,0
348034,0,0,0,0,0,0,0,0,0,0,0,0,0,0,0,0,0,0
44091,0,0,0,0,0,0,0,0,0,0,0,0,0,0,0,0,0,0
24728,0,0,0,0,0,0,0,0,0,0,0,0,0,0,0,0,0,0
14153,0,0,0,0,0,0,0,0,0,0,0,0,0,0,0,0,0,0
12877,0,0,0,0,0,0,0,0,0,0,0,0,0,0,0,0,0,0
25534,0,0,0,0,0,0,0,0,0,0,0,0,0,0,0,0,0,0
15876,0,0,0,0,0,0,0,0,0,0,0,0,0,0,0,0,0,0
47541,0,0,0,0,0,0,0,0,0,0,0,0,0,0,0,0,0,0
55997,0,0,0,0,0,0,0,0,0,0,0,0,0,0,0,0,0,0
4582,0,0,0,0,0,0,0,0,0,0,0,0,0,0,0,0,0,0
44416,0,0,0,0,0,0,0,0,0,0,0,0,0,0,0,0,0,0
38005,0,0,0,0,0,0,0,0,0,0,0,0,0,0,0,0,0,0
1063728,0,0,0,0,0,0,0,0,0,0,0,0,0,0,0,0,0,0
37224,0,0,0,0,0,0,0,0,0,0,0,0,0,0,0,0,0,0
37737,0,0,0,0,0,0,0,0,0,0,0,0,0,0,0,0,0,0
350629,0,0,0,0,0,0,0,0,0,0,0,0,0,0,0,0,0,0
24846,0,0,0,0,0,0,0,0,0,0,0,0,0,0,0,0,0,0
23860,0,0,0,0,0,0,0,0,0,0,0,0,0,0,0,0,0,0
25098,0,0,0,0,0,0,0,0,0,0,0,0,0,0,0,0,0,0
5702,0,0,0,0,0,0,0,0,0,0,0,0,0,0,0,0,0,0
534734,0,0,0,0,0,0,0,0,0,0,0,0,0,0,0,0,0,0
37530,0,0,0,0,0,0,0,0,0,0,0,0,0,0,0,0,0,0
55584,0,0,0,0,0,0,0,0,0,0,0,0,0,0,0,0,0,0
35280,0,0,0,0,0,0,0,0,0,0,0,0,0,0,0,0,0,0
36590,0,0,0,0,0,0,0,0,0,0,0,0,0,0,0,0,0,0
14236,0,0,0,0,0,0,0,0,0,0,0,0,0,0,0,0,0,0
6453,0,0,0,0,0,0,0,0,0,0,0,0,0,0,0,0,0,0
18389,0,0,0,0,0,0,0,0,0,0,0,0,0,0,0,0,0,0
43363,0,0,0,0,0,0,0,0,0,0,0,0,0,0,0,0,0,0
30745,0,0,0,0,0,0,0,0,0,0,0,0,0,0,0,0,0,0
28770,0,0,0,0,0,0,0,0,0,0,0,0,0,0,0,0,0,0
784379,0,0,0,0,0,0,0,0,0,0,0,0,0,0,0,0,0,0
37239,0,0,0,0,0,0,0,0,0,0,0,0,0,0,0,0,0,0
55756,0,0,0,0,0,0,0,0,0,0,0,0,0,0,0,0,0,0
43553,0,0,0,0,0,0,0,0,0,0,0,0,0,0,0,0,0,0
56054,0,0,0,0,0,0,0,0,0,0,0,0,0,0,0,0,0,0
24964,0,0,0,0,0,0,0,0,0,0,0,0,0,0,0,0,0,0
25601,0,0,0,0,0,0,0,0,0,0,0,0,0,0,0,0,0,0
267192,0,0,0,0,0,0,0,0,0,0,0,0,0,0,0,0,0,0
23770,0,0,0,0,0,0,0,0,0,0,0,0,0,0,0,0,0,0
9089,0,0,0,0,0,0,0,0,0,0,0,0,0,0,0,0,0,0
5236,0,0,0,0,0,0,0,0,0,0,0,0,0,0,0,0,0,0
313526,0,0,0,0,0,0,0,0,0,0,0,0,0,0,0,0,0,0
55267,0,0,0,0,0,0,0,0,0,0,0,0,0,0,0,0,0,0
49344,0,0,0,0,0,0,0,0,0,0,0,0,0,0,0,0,0,0
46780,0,0,0,0,0,0,0,0,0,0,0,0,0,0,0,0,0,0
52934,0,0,0,0,0,0,0,0,0,0,0,0,0,0,0,0,0,0
25121,0,0,0,0,0,0,0,0,0,0,0,0,0,0,0,0,0,0
29725,0,0,0,0,0,0,0,0,0,0,0,0,0,0,0,0,0,0
45984,0,0,0,0,0,0,0,0,0,0,0,0,0,0,0,0,0,0
22333,0,0,0,0,0,0,0,0,0,0,0,0,0,0,0,0,0,0
48844,0,0,0,0,0,0,0,0,0,0,0,0,0,0,0,0,0,0
36054,0,0,0,0,0,0,0,0,0,0,0,0,0,0,0,0,0,0
51251,0,0,0,0,0,0,0,0,0,0,0,0,0,0,0,0,0,0
41324,0,0,0,0,0,0,0,0,0,0,0,0,0,0,0,0,0,0
4146,0,0,0,0,0,0,0,0,0,0,0,0,0,0,0,0,0,0
623104,0,0,0,0,0,0,0,0,0,0,0,0,0,0,0,0,0,0
738445,0,0,0,0,0,0,0,0,0,0,0,0,0,0,0,0,0,0
537124,0,0,0,0,0,0,0,0,0,0,0,0,0,0,0,0,0,0
44014,0,0,0,0,0,0,0,0,0,0,0,0,0,0,0,0,0,0
542023,0,0,0,0,0,0,0,0,0,0,0,0,0,0,0,0,0,0
288305,0,0,0,0,0,0,0,0,0,0,0,0,0,0,0,0,0,0
348054,0,0,0,0,0,0,0,0,0,0,0,0,0,0,0,0,0,0
9074,0,0,0,0,0,0,0,0,0,0,0,0,0,0,0,0,0,0
27622,0,0,0,0,0,0,0,0,0,0,0,0,0,0,0,0,0,0
307653,0,0,0,0,0,0,0,0,0,0,0,0,0,0,0,0,0,0
24752,0,0,0,0,0,0,0,0,0,0,0,0,0,0,0,0,0,0
53233,0,0,0,0,0,0,0,0,0,0,0,0,0,0,0,0,0,0
5766,0,0,0,0,0,0,0,0,0,0,0,0,0,0,0,0,0,0
245397,0,0,0,0,0,0,0,0,0,0,0,0,0,0,0,0,0,0
280734,0,0,0,0,0,0,0,0,0,0,0,0,0,0,0,0,0,0
37494,0,0,0,0,0,0,0,0,0,0,0,0,0,0,0,0,0,0
25862,0,0,0,0,0,0,0,0,0,0,0,0,0,0,0,0,0,0
56040,0,0,0,0,0,0,0,0,0,0,0,0,0,0,0,0,0,0
40580,0,0,0,0,0,0,0,0,0,0,0,0,0,0,0,0,0,0
320281,0,0,0,0,0,0,0,0,0,0,0,0,0,0,0,0,0,0
26225,0,0,0,0,0,0,0,0,0,0,0,0,0,0,0,0,0,0
247008,0,0,0,0,0,0,0,0,0,0,0,0,0,0,0,0,0,0
7115,0,0,0,0,0,0,0,0,0,0,0,0,0,0,0,0,0,0
55528,0,0,0,0,0,0,0,0,0,0,0,0,0,0,0,0,0,0
8520,0,0,0,0,0,0,0,0,0,0,0,0,0,0,0,0,0,0
26293,0,0,0,0,0,0,0,0,0,0,0,0,0,0,0,0,0,0
55406,0,0,0,0,0,0,0,0,0,0,0,0,0,0,0,0,0,0
30018,0,0,0,0,0,0,0,0,0,0,0,0,0,0,0,0,0,0
13399,0,0,0,0,0,0,0,0,0,0,0,0,0,0,0,0,0,0
43654,0,0,0,0,0,0,0,0,0,0,0,0,0,0,0,0,0,0
273439,0,0,0,0,0,0,0,0,0,0,0,0,0,0,0,0,0,0
941959,0,0,0,0,0,0,0,0,0,0,0,0,0,0,0,0,0,0
48122,0,0,0,0,0,0,0,0,0,0,0,0,0,0,0,0,0,0
8180,0,0,0,0,0,0,0,0,0,0,0,0,0,0,0,0,0,0
226492,0,0,0,0,0,0,0,0,0,0,0,0,0,0,0,0,0,0
215155,0,0,0,0,0,0,0,0,0,0,0,0,0,0,0,0,0,0
25106,0,0,0,0,0,0,0,0,0,0,0,0,0,0,0,0,0,0
7133,0,0,0,0,0,0,0,0,0,0,0,0,0,0,0,0,0,0
547079,0,0,0,0,0,0,0,0,0,0,0,0,0,0,0,0,0,0
39015,0,0,0,0,0,0,0,0,0,0,0,0,0,0,0,0,0,0
235519,0,0,0,0,0,0,0,0,0,0,0,0,0,0,0,0,0,0
288284,0,0,0,0,0,0,0,0,0,0,0,0,0,0,0,0,0,0
23702,0,0,0,0,0,0,0,0,0,0,0,0,0,0,0,0,0,0
332980,0,0,0,0,0,0,0,0,0,0,0,0,0,0,0,0,0,0
51431,0,0,0,0,0,0,0,0,0,0,0,0,0,0,0,0,0,0
49700,0,0,0,0,0,0,0,0,0,0,0,0,0,0,0,0,0,0
313432,0,0,0,0,0,0,0,0,0,0,0,0,0,0,0,0,0,0
34057,0,0,0,0,0,0,0,0,0,0,0,0,0,0,0,0,0,0
35263,0,0,0,0,0,0,0,0,0,0,0,0,0,0,0,0,0,0
14187,0,0,0,0,0,0,0,0,0,0,0,0,0,0,0,0,0,0
267455,0,0,0,0,0,0,0,0,0,0,0,0,0,0,0,0,0,0
37000,1,1,0,1,7,1.0,0.14285714285714285,0,0,0,0,0,0,0,0,0,0,0
55578,0,0,0,0,0,0,0,0,0,0,0,0,0,0,0,0,0,0
6128,0,0,0,0,0,0,0,0,0,0,0,0,0,0,0,0,0,0
56154,0,0,0,0,0,0,0,0,0,0,0,0,0,0,0,0,0,0
35281,0,0,0,0,0,0,0,0,0,0,0,0,0,0,0,0,0,0
50851,0,0,0,0,0,0,0,0,0,0,0,0,0,0,0,0,0,0
42647,0,0,0,0,0,0,0,0,0,0,0,0,0,0,0,0,0,0
18675,0,0,0,0,0,0,0,0,0,0,0,0,0,0,0,0,0,0
429754,0,0,0,0,0,0,0,0,0,0,0,0,0,0,0,0,0,0
49638,0,0,0,0,0,0,0,0,0,0,0,0,0,0,0,0,0,0
56283,0,0,0,0,0,0,0,0,0,0,0,0,0,0,0,0,0,0
4523,0,0,0,0,0,0,0,0,0,0,0,0,0,0,0,0,0,0
25433,0,0,0,0,0,0,0,0,0,0,0,0,0,0,0,0,0,0
25883,0,0,0,0,0,0,0,0,0,0,0,0,0,0,0,0,0,0
40113,0,0,0,0,0,0,0,0,0,0,0,0,0,0,0,0,0,0
642519,0,0,0,0,0,0,0,0,0,0,0,0,0,0,0,0,0,0
55271,0,0,0,0,0,0,0,0,0,0,0,0,0,0,0,0,0,0
49209,0,0,0,0,0,0,0,0,0,0,0,0,0,0,0,0,0,0
25021,0,0,0,0,0,0,0,0,0,0,0,0,0,0,0,0,0,0
25541,0,0,0,0,0,0,0,0,0,0,0,0,0,0,0,0,0,0
55571,0,0,0,0,0,0,0,0,0,0,0,0,0,0,0,0,0,0
37254,0,0,0,0,0,0,0,0,0,0,0,0,0,0,0,0,0,0
36592,0,0,0,0,0,0,0,0,0,0,0,0,0,0,0,0,0,0
12454,0,0,0,0,0,0,0,0,0,0,0,0,0,0,0,0,0,0
220519,0,0,0,0,0,0,0,0,0,0,0,0,0,0,0,0,0,0
30288,0,0,0,0,0,0,0,0,0,0,0,0,0,0,0,0,0,0
36627,0,0,0,0,0,0,0,0,0,0,0,0,0,0,0,0,0,0
47165,0,0,0,0,0,0,0,0,0,0,0,0,0,0,0,0,0,0
24609,0,0,0,0,0,0,0,0,0,0,0,0,0,0,0,0,0,0
530011,0,0,0,0,0,0,0,0,0,0,0,0,0,0,0,0,0,0
56162,0,0,0,0,0,0,0,0,0,0,0,0,0,0,0,0,0,0
48450,0,0,0,0,0,0,0,0,0,0,0,0,0,0,0,0,0,0
8189,0,0,0,0,0,0,0,0,0,0,0,0,0,0,0,0,0,0
38124,0,0,0,0,0,0,0,0,0,0,0,0,0,0,0,0,0,0
38132,0,0,0,0,0,0,0,0,0,0,0,0,0,0,0,0,0,0
25580,0,0,0,0,0,0,0,0,0,0,0,0,0,0,0,0,0,0
8917,0,0,0,0,0,0,0,0,0,0,0,0,0,0,0,0,0,0
55602,0,0,0,0,0,0,0,0,0,0,0,0,0,0,0,0,0,0
42661,0,0,0,0,0,0,0,0,0,0,0,0,0,0,0,0,0,0
38118,0,0,0,0,0,0,0,0,0,0,0,0,0,0,0,0,0,0
51492,0,0,0,0,0,0,0,0,0,0,0,0,0,0,0,0,0,0
334337,0,0,0,0,0,0,0,0,0,0,0,0,0,0,0,0,0,0
55279,0,0,0,0,0,0,0,0,0,0,0,0,0,0,0,0,0,0
6033,0,0,0,0,0,0,0,0,0,0,0,0,0,0,0,0,0,0
307235,0,0,0,0,0,0,0,0,0,0,0,0,0,0,0,0,0,0
38751,0,0,0,0,0,0,0,0,0,0,0,0,0,0,0,0,0,0
372116,0,0,0,0,0,0,0,0,0,0,0,0,0,0,0,0,0,0
47660,0,0,0,0,0,0,0,0,0,0,0,0,0,0,0,0,0,0
19276,0,0,0,0,0,0,0,0,0,0,0,0,0,0,0,0,0,0
52419,0,0,0,0,0,0,0,0,0,0,0,0,0,0,0,0,0,0
45800,0,0,0,0,0,0,0,0,0,0,0,0,0,0,0,0,0,0
55612,0,0,0,0,0,0,0,0,0,0,0,0,0,0,0,0,0,0
23756,0,0,0,0,0,0,0,0,0,0,0,0,0,0,0,0,0,0
36192,0,0,0,0,0,0,0,0,0,0,0,0,0,0,0,0,0,0
671823,0,0,0,0,0,0,0,0,0,0,0,0,0,0,0,0,0,0
379504,0,0,0,0,0,0,0,0,0,0,0,0,0,0,0,0,0,0
55740,0,0,0,0,0,0,0,0,0,0,0,0,0,0,0,0,0,0
466610,0,0,0,0,0,0,0,0,0,0,0,0,0,0,0,0,0,0
25053,0,0,0,0,0,0,0,0,0,0,0,0,0,0,0,0,0,0
373538,0,0,0,0,0,0,0,0,0,0,0,0,0,0,0,0,0,0
55912,0,0,0,0,0,0,0,0,0,0,0,0,0,0,0,0,0,0
414970,0,0,0,0,0,0,0,0,0,0,0,0,0,0,0,0,0,0
47232,0,0,0,0,0,0,0,0,0,0,0,0,0,0,0,0,0,0
23523,0,0,0,0,0,0,0,0,0,0,0,0,0,0,0,0,0,0
28146,0,0,0,0,0,0,0,0,0,0,0,0,0,0,0,0,0,0
10881,0,0,0,0,0,0,0,0,0,0,0,0,0,0,0,0,0,0
6551,0,0,0,0,0,0,0,0,0,0,0,0,0,0,0,0,0,0
30112,0,0,0,0,0,0,0,0,0,0,0,0,0,0,0,0,0,0
43652,0,0,0,0,0,0,0,0,0,0,0,0,0,0,0,0,0,0
5628,0,0,0,0,0,0,0,0,0,0,0,0,0,0,0,0,0,0
22144,0,0,0,0,0,0,0,0,0,0,0,0,0,0,0,0,0,0
19314,0,0,0,0,0,0,0,0,0,0,0,0,0,0,0,0,0,0
24784,0,0,0,0,0,0,0,0,0,0,0,0,0,0,0,0,0,0
7360,0,0,0,0,0,0,0,0,0,0,0,0,0,0,0,0,0,0
596375,0,0,0,0,0,0,0,0,0,0,0,0,0,0,0,0,0,0
32391,0,0,0,0,0,0,0,0,0,0,0,0,0,0,0,0,0,0
5939,0,0,0,0,0,0,0,0,0,0,0,0,0,0,0,0,0,0
40383,0,0,0,0,0,0,0,0,0,0,0,0,0,0,0,0,0,0
41028,0,0,0,0,0,0,0,0,0,0,0,0,0,0,0,0,0,0
38742,0,0,0,0,0,0,0,0,0,0,0,0,0,0,0,0,0,0
227772,0,0,0,0,0,0,0,0,0,0,0,0,0,0,0,0,0,0
7970,0,0,0,0,0,0,0,0,0,0,0,0,0,0,0,0,0,0
24839,0,0,0,0,0,0,0,0,0,0,0,0,0,0,0,0,0,0
36950,0,0,0,0,0,0,0,0,0,0,0,0,0,0,0,0,0,0
254114,0,0,0,0,0,0,0,0,0,0,0,0,0,0,0,0,0,0
288992,0,0,0,0,0,0,0,0,0,0,0,0,0,0,0,0,0,0
36064,0,0,0,0,0,0,0,0,0,0,0,0,0,0,0,0,0,0
34274,0,0,0,0,0,0,0,0,0,0,0,0,0,0,0,0,0,0
38141,0,0,0,0,0,0,0,0,0,0,0,0,0,0,0,0,0,0
28794,0,0,0,0,0,0,0,0,0,0,0,0,0,0,0,0,0,0
24613,0,0,0,0,0,0,0,0,0,0,0,0,0,0,0,0,0,0
38373,0,0,0,0,0,0,0,0,0,0,0,0,0,0,0,0,0,0
25625,0,0,0,0,0,0,0,0,0,0,0,0,0,0,0,0,0,0
45568,0,0,0,0,0,0,0,0,0,0,0,0,0,0,0,0,0,0
23816,0,0,0,0,0,0,0,0,0,0,0,0,0,0,0,0,0,0
53115,0,0,0,0,0,0,0,0,0,0,0,0,0,0,0,0,0,0
5392,0,0,0,0,0,0,0,0,0,0,0,0,0,0,0,0,0,0
20286,0,0,0,0,0,0,0,0,0,0,0,0,0,0,0,0,0,0
42272,0,0,0,0,0,0,0,0,0,0,0,0,0,0,0,0,0,0
360911,0,0,0,0,0,0,0,0,0,0,0,0,0,0,0,0,0,0
43271,0,0,0,0,0,0,0,0,0,0,0,0,0,0,0,0,0,0
5656,0,0,0,0,0,0,0,0,0,0,0,0,0,0,0,0,0,0
232491,0,0,0,0,0,0,0,0,0,0,0,0,0,0,0,0,0,0
4890,0,0,0,0,0,0,0,0,0,0,0,0,0,0,0,0,0,0
37111,0,0,0,0,0,0,0,0,0,0,0,0,0,0,0,0,0,0
52437,0,0,0,0,0,0,0,0,0,0,0,0,0,0,0,0,0,0
37232,1,1,1,22,21,0,1.0476190476190477,0,0,0,0,1,60,40,1,40.0,4.0,60.0
10582,0,0,0,0,0,0,0,0,0,0,0,0,0,0,0,0,0,0
574287,0,0,0,0,0,0,0,0,0,0,0,0,0,0,0,0,0,0
23742,0,0,0,0,0,0,0,0,0,0,0,0,0,0,0,0,0,0
41282,0,0,0,0,0,0,0,0,0,0,0,0,0,0,0,0,0,0
25556,0,0,0,0,0,0,0,0,0,0,0,0,0,0,0,0,0,0
56251,0,0,0,0,0,0,0,0,0,0,0,0,0,0,0,0,0,0
230852,0,0,0,0,0,0,0,0,0,0,0,0,0,0,0,0,0,0
25429,0,0,0,0,0,0,0,0,0,0,0,0,0,0,0,0,0,0
380956,0,0,0,0,0,0,0,0,0,0,0,0,0,0,0,0,0,0
50874,0,0,0,0,0,0,0,0,0,0,0,0,0,0,0,0,0,0
303423,0,0,0,0,0,0,0,0,0,0,0,0,0,0,0,0,0,0
49013,0,0,0,0,0,0,0,0,0,0,0,0,0,0,0,0,0,0
48469,0,0,0,0,0,0,0,0,0,0,0,0,0,0,0,0,0,0
277906,0,0,0,0,0,0,0,0,0,0,0,0,0,0,0,0,0,0
19327,0,0,0,0,0,0,0,0,0,0,0,0,0,0,0,0,0,0
38111,0,0,0,0,0,0,0,0,0,0,0,0,0,0,0,0,0,0
55965,0,0,0,0,0,0,0,0,0,0,0,0,0,0,0,0,0,0
55414,0,0,0,0,0,0,0,0,0,0,0,0,0,0,0,0,0,0
373439,0,0,0,0,0,0,0,0,0,0,0,0,0,0,0,0,0,0
711559,0,0,0,0,0,0,0,0,0,0,0,0,0,0,0,0,0,0
259413,0,0,0,0,0,0,0,0,0,0,0,0,0,0,0,0,0,0
56165,0,0,0,0,0,0,0,0,0,0,0,0,0,0,0,0,0,0
15380,0,0,0,0,0,0,0,0,0,0,0,0,0,0,0,0,0,0
232730,0,0,0,0,0,0,0,0,0,0,0,0,0,0,0,0,0,0
26802,0,0,0,0,0,0,0,0,0,0,0,0,0,0,0,0,0,0
279531,0,0,0,0,0,0,0,0,0,0,0,0,0,0,0,0,0,0
50744,0,0,0,0,0,0,0,0,0,0,0,0,0,0,0,0,0,0
43696,0,0,0,0,0,0,0,0,0,0,0,0,0,0,0,0,0,0
23767,0,0,0,0,0,0,0,0,0,0,0,0,0,0,0,0,0,0
332996,0,0,0,0,0,0,0,0,0,0,0,0,0,0,0,0,0,0
34118,0,0,0,0,0,0,0,0,0,0,0,0,0,0,0,0,0,0
40577,0,0,0,0,0,0,0,0,0,0,0,0,0,0,0,0,0,0
38008,1,1,1,12,13,0,0.9230769230769231,0,0,0,0,1,48,62,1,62.0,7.75,48.0
6499,0,0,0,0,0,0,0,0,0,0,0,0,0,0,0,0,0,0
34214,0,0,0,0,0,0,0,0,0,0,0,0,0,0,0,0,0,0
28792,0,0,0,0,0,0,0,0,0,0,0,0,0,0,0,0,0,0
37105,0,0,0,0,0,0,0,0,0,0,0,0,0,0,0,0,0,0
41378,0,0,0,0,0,0,0,0,0,0,0,0,0,0,0,0,0,0
406308,0,0,0,0,0,0,0,0,0,0,0,0,0,0,0,0,0,0
420402,0,0,0,0,0,0,0,0,0,0,0,0,0,0,0,0,0,0
553800,0,0,0,0,0,0,0,0,0,0,0,0,0,0,0,0,0,0
23809,0,0,0,0,0,0,0,0,0,0,0,0,0,0,0,0,0,0
38924,0,0,0,0,0,0,0,0,0,0,0,0,0,0,0,0,0,0
52790,0,0,0,0,0,0,0,0,0,0,0,0,0,0,0,0,0,0
42106,0,0,0,0,0,0,0,0,0,0,0,0,0,0,0,0,0,0
215058,0,0,0,0,0,0,0,0,0,0,0,0,0,0,0,0,0,0
8581,0,0,0,0,0,0,0,0,0,0,0,0,0,0,0,0,0,0
293983,0,0,0,0,0,0,0,0,0,0,0,0,0,0,0,0,0,0
7252,0,0,0,0,0,0,0,0,0,0,0,0,0,0,0,0,0,0
6235,0,0,0,0,0,0,0,0,0,0,0,0,0,0,0,0,0,0
38251,0,0,0,0,0,0,0,0,0,0,0,0,0,0,0,0,0,0
31034,0,0,0,0,0,0,0,0,0,0,0,0,0,0,0,0,0,0
43539,0,0,0,0,0,0,0,0,0,0,0,0,0,0,0,0,0,0
51488,0,0,0,0,0,0,0,0,0,0,0,0,0,0,0,0,0,0
40879,0,0,0,0,0,0,0,0,0,0,0,0,0,0,0,0,0,0
629076,0,0,0,0,0,0,0,0,0,0,0,0,0,0,0,0,0,0
25591,0,0,0,0,0,0,0,0,0,0,0,0,0,0,0,0,0,0
55761,0,0,0,0,0,0,0,0,0,0,0,0,0,0,0,0,0,0
46945,0,0,0,0,0,0,0,0,0,0,0,0,0,0,0,0,0,0
36833,0,0,0,0,0,0,0,0,0,0,0,0,0,0,0,0,0,0
308235,0,0,0,0,0,0,0,0,0,0,0,0,0,0,0,0,0,0
429748,0,0,0,0,0,0,0,0,0,0,0,0,0,0,0,0,0,0
290630,0,0,0,0,0,0,0,0,0,0,0,0,0,0,0,0,0,0
51643,0,0,0,0,0,0,0,0,0,0,0,0,0,0,0,0,0,0
300618,0,0,0,0,0,0,0,0,0,0,0,0,0,0,0,0,0,0
300629,0,0,0,0,0,0,0,0,0,0,0,0,0,0,0,0,0,0
50250,0,0,0,0,0,0,0,0,0,0,0,0,0,0,0,0,0,0
315623,0,0,0,0,0,0,0,0,0,0,0,0,0,0,0,0,0,0
55883,0,0,0,0,0,0,0,0,0,0,0,0,0,0,0,0,0,0
15913,0,0,0,0,0,0,0,0,0,0,0,0,0,0,0,0,0,0
49213,0,0,0,0,0,0,0,0,0,0,0,0,0,0,0,0,0,0
26184,0,0,0,0,0,0,0,0,0,0,0,0,0,0,0,0,0,0
23785,0,0,0,0,0,0,0,0,0,0,0,0,0,0,0,0,0,0
50429,0,0,0,0,0,0,0,0,0,0,0,0,0,0,0,0,0,0
531953,0,0,0,0,0,0,0,0,0,0,0,0,0,0,0,0,0,0
627732,0,0,0,0,0,0,0,0,0,0,0,0,0,0,0,0,0,0
343548,0,0,0,0,0,0,0,0,0,0,0,0,0,0,0,0,0,0
48808,0,0,0,0,0,0,0,0,0,0,0,0,0,0,0,0,0,0
31820,0,0,0,0,0,0,0,0,0,0,0,0,0,0,0,0,0,0
234675,0,0,0,0,0,0,0,0,0,0,0,0,0,0,0,0,0,0
343305,0,0,0,0,0,0,0,0,0,0,0,0,0,0,0,0,0,0
55608,0,0,0,0,0,0,0,0,0,0,0,0,0,0,0,0,0,0
55560,0,0,0,0,0,0,0,0,0,0,0,0,0,0,0,0,0,0
342182,0,0,0,0,0,0,0,0,0,0,0,0,0,0,0,0,0,0
398666,0,0,0,0,0,0,0,0,0,0,0,0,0,0,0,0,0,0
56104,0,0,0,0,0,0,0,0,0,0,0,0,0,0,0,0,0,0
51246,0,0,0,0,0,0,0,0,0,0,0,0,0,0,0,0,0,0
8076,0,0,0,0,0,0,0,0,0,0,0,0,0,0,0,0,0,0
20123,0,0,0,0,0,0,0,0,0,0,0,0,0,0,0,0,0,0
232438,0,0,0,0,0,0,0,0,0,0,0,0,0,0,0,0,0,0
38753,0,0,0,0,0,0,0,0,0,0,0,0,0,0,0,0,0,0
9246,0,0,0,0,0,0,0,0,0,0,0,0,0,0,0,0,0,0
38759,0,0,0,0,0,0,0,0,0,0,0,0,0,0,0,0,0,0
25129,0,0,0,0,0,0,0,0,0,0,0,0,0,0,0,0,0,0
463215,0,0,0,0,0,0,0,0,0,0,0,0,0,0,0,0,0,0
42628,0,0,0,0,0,0,0,0,0,0,0,0,0,0,0,0,0,0
28754,0,0,0,0,0,0,0,0,0,0,0,0,0,0,0,0,0,0
55825,0,0,0,0,0,0,0,0,0,0,0,0,0,0,0,0,0,0
26942,0,0,0,0,0,0,0,0,0,0,0,0,0,0,0,0,0,0
36839,0,0,0,0,0,0,0,0,0,0,0,0,0,0,0,0,0,0
24603,0,0,0,0,0,0,0,0,0,0,0,0,0,0,0,0,0,0
41308,0,0,0,0,0,0,0,0,0,0,0,0,0,0,0,0,0,0
25120,0,0,0,0,0,0,0,0,0,0,0,0,0,0,0,0,0,0
51782,0,0,0,0,0,0,0,0,0,0,0,0,0,0,0,0,0,0
24249,0,0,0,0,0,0,0,0,0,0,0,0,0,0,0,0,0,0
494133,0,0,0,0,0,0,0,0,0,0,0,0,0,0,0,0,0,0
37730,0,0,0,0,0,0,0,0,0,0,0,0,0,0,0,0,0,0
277955,0,0,0,0,0,0,0,0,0,0,0,0,0,0,0,0,0,0
440990,0,0,0,0,0,0,0,0,0,0,0,0,0,0,0,0,0,0
220613,0,0,0,0,0,0,0,0,0,0,0,0,0,0,0,0,0,0
53214,0,0,0,0,0,0,0,0,0,0,0,0,0,0,0,0,0,0
24616,0,0,0,0,0,0,0,0,0,0,0,0,0,0,0,0,0,0
55591,0,0,0,0,0,0,0,0,0,0,0,0,0,0,0,0,0,0
311427,0,0,0,0,0,0,0,0,0,0,0,0,0,0,0,0,0,0
16178,0,0,0,0,0,0,0,0,0,0,0,0,0,0,0,0,0,0
220521,0,0,0,0,0,0,0,0,0,0,0,0,0,0,0,0,0,0
16899,0,0,0,0,0,0,0,0,0,0,0,0,0,0,0,0,0,0
52197,0,0,0,0,0,0,0,0,0,0,0,0,0,0,0,0,0,0
10712,0,0,0,0,0,0,0,0,0,0,0,0,0,0,0,0,0,0
25584,0,0,0,0,0,0,0,0,0,0,0,0,0,0,0,0,0,0
51436,0,0,0,0,0,0,0,0,0,0,0,0,0,0,0,0,0,0
24154,0,0,0,0,0,0,0,0,0,0,0,0,0,0,0,0,0,0
342616,0,0,0,0,0,0,0,0,0,0,0,0,0,0,0,0,0,0
24911,0,0,0,0,0,0,0,0,0,0,0,0,0,0,0,0,0,0
212175,0,0,0,0,0,0,0,0,0,0,0,0,0,0,0,0,0,0
38964,0,0,0,0,0,0,0,0,0,0,0,0,0,0,0,0,0,0
370846,0,0,0,0,0,0,0,0,0,0,0,0,0,0,0,0,0,0
439952,0,0,0,0,0,0,0,0,0,0,0,0,0,0,0,0,0,0
55524,0,0,0,0,0,0,0,0,0,0,0,0,0,0,0,0,0,0
49002,0,0,0,0,0,0,0,0,0,0,0,0,0,0,0,0,0,0
440970,0,0,0,0,0,0,0,0,0,0,0,0,0,0,0,0,0,0
475816,0,0,0,0,0,0,0,0,0,0,0,0,0,0,0,0,0,0
25542,0,0,0,0,0,0,0,0,0,0,0,0,0,0,0,0,0,0
440968,0,0,0,0,0,0,0,0,0,0,0,0,0,0,0,0,0,0
297628,0,0,0,0,0,0,0,0,0,0,0,0,0,0,0,0,0,0
30934,0,0,0,0,0,0,0,0,0,0,0,0,0,0,0,0,0,0
48369,0,0,0,0,0,0,0,0,0,0,0,0,0,0,0,0,0,0
56118,0,0,0,0,0,0,0,0,0,0,0,0,0,0,0,0,0,0
208380,0,0,0,0,0,0,0,0,0,0,0,0,0,0,0,0,0,0
44708,0,0,0,0,0,0,0,0,0,0,0,0,0,0,0,0,0,0
5130,0,0,0,0,0,0,0,0,0,0,0,0,0,0,0,0,0,0
418615,0,0,0,0,0,0,0,0,0,0,0,0,0,0,0,0,0,0
49236,0,0,0,0,0,0,0,0,0,0,0,0,0,0,0,0,0,0
20263,0,0,0,0,0,0,0,0,0,0,0,0,0,0,0,0,0,0
42607,0,0,0,0,0,0,0,0,0,0,0,0,0,0,0,0,0,0
14127,0,0,0,0,0,0,0,0,0,0,0,0,0,0,0,0,0,0
38999,0,0,0,0,0,0,0,0,0,0,0,0,0,0,0,0,0,0
446548,0,0,0,0,0,0,0,0,0,0,0,0,0,0,0,0,0,0
25105,0,0,0,0,0,0,0,0,0,0,0,0,0,0,0,0,0,0
55932,0,0,0,0,0,0,0,0,0,0,0,0,0,0,0,0,0,0
505120,0,0,0,0,0,0,0,0,0,0,0,0,0,0,0,0,0,0
25905,0,0,0,0,0,0,0,0,0,0,0,0,0,0,0,0,0,0
48821,0,0,0,0,0,0,0,0,0,0,0,0,0,0,0,0,0,0
16975,0,0,0,0,0,0,0,0,0,0,0,0,0,0,0,0,0,0
28235,0,0,0,0,0,0,0,0,0,0,0,0,0,0,0,0,0,0
20206,0,0,0,0,0,0,0,0,0,0,0,0,0,0,0,0,0,0
48139,0,0,0,0,0,0,0,0,0,0,0,0,0,0,0,0,0,0
413702,0,0,0,0,0,0,0,0,0,0,0,0,0,0,0,0,0,0
49356,0,0,0,0,0,0,0,0,0,0,0,0,0,0,0,0,0,0
36951,0,0,0,0,0,0,0,0,0,0,0,0,0,0,0,0,0,0
23850,0,0,0,0,0,0,0,0,0,0,0,0,0,0,0,0,0,0
30999,0,0,0,0,0,0,0,0,0,0,0,0,0,0,0,0,0,0
793463,0,0,0,0,0,0,0,0,0,0,0,0,0,0,0,0,0,0
377639,0,0,0,0,0,0,0,0,0,0,0,0,0,0,0,0,0,0
46788,0,0,0,0,0,0,0,0,0,0,0,0,0,0,0,0,0,0
55787,0,0,0,0,0,0,0,0,0,0,0,0,0,0,0,0,0,0
629063,0,0,0,0,0,0,0,0,0,0,0,0,0,0,0,0,0,0
30157,0,0,0,0,0,0,0,0,0,0,0,0,0,0,0,0,0,0
42652,0,0,0,0,0,0,0,0,0,0,0,0,0,0,0,0,0,0
48457,0,0,0,0,0,0,0,0,0,0,0,0,0,0,0,0,0,0
56167,0,0,0,0,0,0,0,0,0,0,0,0,0,0,0,0,0,0
557298,0,0,0,0,0,0,0,0,0,0,0,0,0,0,0,0,0,0
38062,0,0,0,0,0,0,0,0,0,0,0,0,0,0,0,0,0,0
402992,0,0,0,0,0,0,0,0,0,0,0,0,0,0,0,0,0,0
30045,0,0,0,0,0,0,0,0,0,0,0,0,0,0,0,0,0,0
49624,0,0,0,0,0,0,0,0,0,0,0,0,0,0,0,0,0,0
38396,0,0,0,0,0,0,0,0,0,0,0,0,0,0,0,0,0,0
348024,0,0,0,0,0,0,0,0,0,0,0,0,0,0,0,0,0,0
9310,0,0,0,0,0,0,0,0,0,0,0,0,0,0,0,0,0,0
670025,0,0,0,0,0,0,0,0,0,0,0,0,0,0,0,0,0,0
4151,0,0,0,0,0,0,0,0,0,0,0,0,0,0,0,0,0,0
12461,0,0,0,0,0,0,0,0,0,0,0,0,0,0,0,0,0,0
26135,0,0,0,0,0,0,0,0,0,0,0,0,0,0,0,0,0,0
52913,0,0,0,0,0,0,0,0,0,0,0,0,0,0,0,0,0,0
27641,0,0,0,0,0,0,0,0,0,0,0,0,0,0,0,0,0,0
44696,0,0,0,0,0,0,0,0,0,0,0,0,0,0,0,0,0,0
46255,0,0,0,0,0,0,0,0,0,0,0,0,0,0,0,0,0,0
9121,0,0,0,0,0,0,0,0,0,0,0,0,0,0,0,0,0,0
37228,0,0,0,0,0,0,0,0,0,0,0,0,0,0,0,0,0,0
38970,0,0,0,0,0,0,0,0,0,0,0,0,0,0,0,0,0,0
681117,0,0,0,0,0,0,0,0,0,0,0,0,0,0,0,0,0,0
32249,0,0,0,0,0,0,0,0,0,0,0,0,0,0,0,0,0,0
20217,0,0,0,0,0,0,0,0,0,0,0,0,0,0,0,0,0,0
49758,0,0,0,0,0,0,0,0,0,0,0,0,0,0,0,0,0,0
8291,0,0,0,0,0,0,0,0,0,0,0,0,0,0,0,0,0,0
32192,0,0,0,0,0,0,0,0,0,0,0,0,0,0,0,0,0,0
547092,0,0,0,0,0,0,0,0,0,0,0,0,0,0,0,0,0,0
36603,0,0,0,0,0,0,0,0,0,0,0,0,0,0,0,0,0,0
38967,0,0,0,0,0,0,0,0,0,0,0,0,0,0,0,0,0,0
47846,0,0,0,0,0,0,0,0,0,0,0,0,0,0,0,0,0,0
17119,0,0,0,0,0,0,0,0,0,0,0,0,0,0,0,0,0,0
52066,0,0,0,0,0,0,0,0,0,0,0,0,0,0,0,0,0,0
388802,0,0,0,0,0,0,0,0,0,0,0,0,0,0,0,0,0,0
581379,0,0,0,0,0,0,0,0,0,0,0,0,0,0,0,0,0,0
232444,0,0,0,0,0,0,0,0,0,0,0,0,0,0,0,0,0,0
3975,0,0,0,0,0,0,0,0,0,0,0,0,0,0,0,0,0,0
232285,0,0,0,0,0,0,0,0,0,0,0,0,0,0,0,0,0,0
44485,0,0,0,0,0,0,0,0,0,0,0,0,0,0,0,0,0,0
55456,0,0,0,0,0,0,0,0,0,0,0,0,0,0,0,0,0,0
49364,0,0,0,0,0,0,0,0,0,0,0,0,0,0,0,0,0,0
37250,0,0,0,0,0,0,0,0,0,0,0,0,0,0,0,0,0,0
324358,0,0,0,0,0,0,0,0,0,0,0,0,0,0,0,0,0,0
277472,0,0,0,0,0,0,0,0,0,0,0,0,0,0,0,0,0,0
539305,0,0,0,0,0,0,0,0,0,0,0,0,0,0,0,0,0,0
212756,0,0,0,0,0,0,0,0,0,0,0,0,0,0,0,0,0,0
24891,0,0,0,0,0,0,0,0,0,0,0,0,0,0,0,0,0,0
42623,0,0,0,0,0,0,0,0,0,0,0,0,0,0,0,0,0,0
35939,0,0,0,0,0,0,0,0,0,0,0,0,0,0,0,0,0,0
50855,0,0,0,0,0,0,0,0,0,0,0,0,0,0,0,0,0,0
43735,0,0,0,0,0,0,0,0,0,0,0,0,0,0,0,0,0,0
12803,0,0,0,0,0,0,0,0,0,0,0,0,0,0,0,0,0,0
24796,0,0,0,0,0,0,0,0,0,0,0,0,0,0,0,0,0,0
319439,0,0,0,0,0,0,0,0,0,0,0,0,0,0,0,0,0,0
38249,0,0,0,0,0,0,0,0,0,0,0,0,0,0,0,0,0,0
52045,0,0,0,0,0,0,0,0,0,0,0,0,0,0,0,0,0,0
41481,0,0,0,0,0,0,0,0,0,0,0,0,0,0,0,0,0,0
36595,0,0,0,0,0,0,0,0,0,0,0,0,0,0,0,0,0,0
34102,0,0,0,0,0,0,0,0,0,0,0,0,0,0,0,0,0,0
42605,0,0,0,0,0,0,0,0,0,0,0,0,0,0,0,0,0,0
24723,0,0,0,0,0,0,0,0,0,0,0,0,0,0,0,0,0,0
55846,0,0,0,0,0,0,0,0,0,0,0,0,0,0,0,0,0,0
15901,0,0,0,0,0,0,0,0,0,0,0,0,0,0,0,0,0,0
352048,0,0,0,0,0,0,0,0,0,0,0,0,0,0,0,0,0,0
345821,0,0,0,0,0,0,0,0,0,0,0,0,0,0,0,0,0,0
34105,0,0,0,0,0,0,0,0,0,0,0,0,0,0,0,0,0,0
32242,0,0,0,0,0,0,0,0,0,0,0,0,0,0,0,0,0,0
56074,0,0,0,0,0,0,0,0,0,0,0,0,0,0,0,0,0,0
298438,0,0,0,0,0,0,0,0,0,0,0,0,0,0,0,0,0,0
28763,0,0,0,0,0,0,0,0,0,0,0,0,0,0,0,0,0,0
261354,0,0,0,0,0,0,0,0,0,0,0,0,0,0,0,0,0,0
467426,0,0,0,0,0,0,0,0,0,0,0,0,0,0,0,0,0,0
25533,0,0,0,0,0,0,0,0,0,0,0,0,0,0,0,0,0,0
10656,0,0,0,0,0,0,0,0,0,0,0,0,0,0,0,0,0,0
233802,0,0,0,0,0,0,0,0,0,0,0,0,0,0,0,0,0,0
24705,0,0,0,0,0,0,0,0,0,0,0,0,0,0,0,0,0,0
49769,0,0,0,0,0,0,0,0,0,0,0,0,0,0,0,0,0,0
56229,0,0,0,0,0,0,0,0,0,0,0,0,0,0,0,0,0,0
52300,0,0,0,0,0,0,0,0,0,0,0,0,0,0,0,0,0,0
23887,0,0,0,0,0,0,0,0,0,0,0,0,0,0,0,0,0,0
38755,0,0,0,0,0,0,0,0,0,0,0,0,0,0,0,0,0,0
52055,0,0,0,0,0,0,0,0,0,0,0,0,0,0,0,0,0,0
17944,0,0,0,0,0,0,0,0,0,0,0,0,0,0,0,0,0,0
717099,0,0,0,0,0,0,0,0,0,0,0,0,0,0,0,0,0,0
281653,0,0,0,0,0,0,0,0,0,0,0,0,0,0,0,0,0,0
40250,0,0,0,0,0,0,0,0,0,0,0,0,0,0,0,0,0,0
629074,0,0,0,0,0,0,0,0,0,0,0,0,0,0,0,0,0,0
221140,0,0,0,0,0,0,0,0,0,0,0,0,0,0,0,0,0,0
55522,0,0,0,0,0,0,0,0,0,0,0,0,0,0,0,0,0,0
52059,0,0,0,0,0,0,0,0,0,0,0,0,0,0,0,0,0,0
458897,0,0,0,0,0,0,0,0,0,0,0,0,0,0,0,0,0,0
42610,0,0,0,0,0,0,0,0,0,0,0,0,0,0,0,0,0,0
422108,0,0,0,0,0,0,0,0,0,0,0,0,0,0,0,0,0,0
24298,0,0,0,0,0,0,0,0,0,0,0,0,0,0,0,0,0,0
52681,1,1,0,35,30,35.0,1.1666666666666667,0,0,0,0,0,0,0,0,0,0,0
56173,0,0,0,0,0,0,0,0,0,0,0,0,0,0,0,0,0,0
39836,0,0,0,0,0,0,0,0,0,0,0,0,0,0,0,0,0,0
56011,0,0,0,0,0,0,0,0,0,0,0,0,0,0,0,0,0,0
355269,0,0,0,0,0,0,0,0,0,0,0,0,0,0,0,0,0,0
35805,0,0,0,0,0,0,0,0,0,0,0,0,0,0,0,0,0,0
41058,0,0,0,0,0,0,0,0,0,0,0,0,0,0,0,0,0,0
50163,0,0,0,0,0,0,0,0,0,0,0,0,0,0,0,0,0,0
51898,0,0,0,0,0,0,0,0,0,0,0,0,0,0,0,0,0,0
11893,0,0,0,0,0,0,0,0,0,0,0,0,0,0,0,0,0,0
55354,0,0,0,0,0,0,0,0,0,0,0,0,0,0,0,0,0,0
233712,0,0,0,0,0,0,0,0,0,0,0,0,0,0,0,0,0,0
55971,0,0,0,0,0,0,0,0,0,0,0,0,0,0,0,0,0,0
49347,0,0,0,0,0,0,0,0,0,0,0,0,0,0,0,0,0,0
56176,0,0,0,0,0,0,0,0,0,0,0,0,0,0,0,0,0,0
37698,0,0,0,0,0,0,0,0,0,0,0,0,0,0,0,0,0,0
355583,0,0,0,0,0,0,0,0,0,0,0,0,0,0,0,0,0,0
49868,0,0,0,0,0,0,0,0,0,0,0,0,0,0,0,0,0,0
5017,0,0,0,0,0,0,0,0,0,0,0,0,0,0,0,0,0,0
414249,0,0,0,0,0,0,0,0,0,0,0,0,0,0,0,0,0,0
38760,0,0,0,0,0,0,0,0,0,0,0,0,0,0,0,0,0,0
313430,0,0,0,0,0,0,0,0,0,0,0,0,0,0,0,0,0,0
47693,0,0,0,0,0,0,0,0,0,0,0,0,0,0,0,0,0,0
8432,0,0,0,0,0,0,0,0,0,0,0,0,0,0,0,0,0,0
33975,0,0,0,0,0,0,0,0,0,0,0,0,0,0,0,0,0,0
327830,0,0,0,0,0,0,0,0,0,0,0,0,0,0,0,0,0,0
43707,0,0,0,0,0,0,0,0,0,0,0,0,0,0,0,0,0,0
46189,0,0,0,0,0,0,0,0,0,0,0,0,0,0,0,0,0,0
22361,0,0,0,0,0,0,0,0,0,0,0,0,0,0,0,0,0,0
37102,0,0,0,0,0,0,0,0,0,0,0,0,0,0,0,0,0,0
51479,0,0,0,0,0,0,0,0,0,0,0,0,0,0,0,0,0,0
43121,0,0,0,0,0,0,0,0,0,0,0,0,0,0,0,0,0,0
5961,0,0,0,0,0,0,0,0,0,0,0,0,0,0,0,0,0,0
50747,0,0,0,0,0,0,0,0,0,0,0,0,0,0,0,0,0,0
440523,0,0,0,0,0,0,0,0,0,0,0,0,0,0,0,0,0,0
919493,0,0,0,0,0,0,0,0,0,0,0,0,0,0,0,0,0,0
42620,0,0,0,0,0,0,0,0,0,0,0,0,0,0,0,0,0,0
46538,0,0,0,0,0,0,0,0,0,0,0,0,0,0,0,0,0,0
55429,0,0,0,0,0,0,0,0,0,0,0,0,0,0,0,0,0,0
28149,0,0,0,0,0,0,0,0,0,0,0,0,0,0,0,0,0,0
49368,0,0,0,0,0,0,0,0,0,0,0,0,0,0,0,0,0,0
10633,0,0,0,0,0,0,0,0,0,0,0,0,0,0,0,0,0,0
6441,0,0,0,0,0,0,0,0,0,0,0,0,0,0,0,0,0,0
8166,0,0,0,0,0,0,0,0,0,0,0,0,0,0,0,0,0,0
29264,0,0,0,0,0,0,0,0,0,0,0,0,0,0,0,0,0,0
51655,0,0,0,0,0,0,0,0,0,0,0,0,0,0,0,0,0,0
307808,0,0,0,0,0,0,0,0,0,0,0,0,0,0,0,0,0,0
26295,0,0,0,0,0,0,0,0,0,0,0,0,0,0,0,0,0,0
56194,0,0,0,0,0,0,0,0,0,0,0,0,0,0,0,0,0,0
38066,0,0,0,0,0,0,0,0,0,0,0,0,0,0,0,0,0,0
24721,0,0,0,0,0,0,0,0,0,0,0,0,0,0,0,0,0,0
55970,0,0,0,0,0,0,0,0,0,0,0,0,0,0,0,0,0,0
37263,0,0,0,0,0,0,0,0,0,0,0,0,0,0,0,0,0,0
326016,0,0,0,0,0,0,0,0,0,0,0,0,0,0,0,0,0,0
37265,0,0,0,0,0,0,0,0,0,0,0,0,0,0,0,0,0,0
56029,0,0,0,0,0,0,0,0,0,0,0,0,0,0,0,0,0,0
31107,0,0,0,0,0,0,0,0,0,0,0,0,0,0,0,0,0,0
301236,0,0,0,0,0,0,0,0,0,0,0,0,0,0,0,0,0,0
36609,0,0,0,0,0,0,0,0,0,0,0,0,0,0,0,0,0,0
34078,0,0,0,0,0,0,0,0,0,0,0,0,0,0,0,0,0,0
7702,0,0,0,0,0,0,0,0,0,0,0,0,0,0,0,0,0,0
49121,0,0,0,0,0,0,0,0,0,0,0,0,0,0,0,0,0,0
52345,0,0,0,0,0,0,0,0,0,0,0,0,0,0,0,0,0,0
6903,0,0,0,0,0,0,0,0,0,0,0,0,0,0,0,0,0,0
24243,0,0,0,0,0,0,0,0,0,0,0,0,0,0,0,0,0,0
1122557,0,0,0,0,0,0,0,0,0,0,0,0,0,0,0,0,0,0
25109,0,0,0,0,0,0,0,0,0,0,0,0,0,0,0,0,0,0
227760,0,0,0,0,0,0,0,0,0,0,0,0,0,0,0,0,0,0
362603,0,0,0,0,0,0,0,0,0,0,0,0,0,0,0,0,0,0
5696,0,0,0,0,0,0,0,0,0,0,0,0,0,0,0,0,0,0
55628,0,0,0,0,0,0,0,0,0,0,0,0,0,0,0,0,0,0
39005,0,0,0,0,0,0,0,0,0,0,0,0,0,0,0,0,0,0
47184,0,0,0,0,0,0,0,0,0,0,0,0,0,0,0,0,0,0
629066,0,0,0,0,0,0,0,0,0,0,0,0,0,0,0,0,0,0
37240,0,0,0,0,0,0,0,0,0,0,0,0,0,0,0,0,0,0
384518,0,0,0,0,0,0,0,0,0,0,0,0,0,0,0,0,0,0
30030,0,0,0,0,0,0,0,0,0,0,0,0,0,0,0,0,0,0
51292,0,0,0,0,0,0,0,0,0,0,0,0,0,0,0,0,0,0
275943,0,0,0,0,0,0,0,0,0,0,0,0,0,0,0,0,0,0
379143,0,0,0,0,0,0,0,0,0,0,0,0,0,0,0,0,0,0
48993,0,0,0,0,0,0,0,0,0,0,0,0,0,0,0,0,0,0
32102,0,0,0,0,0,0,0,0,0,0,0,0,0,0,0,0,0,0
55974,0,0,0,0,0,0,0,0,0,0,0,0,0,0,0,0,0,0
36948,0,0,0,0,0,0,0,0,0,0,0,0,0,0,0,0,0,0
20187,0,0,0,0,0,0,0,0,0,0,0,0,0,0,0,0,0,0
25880,0,0,0,0,0,0,0,0,0,0,0,0,0,0,0,0,0,0
6462,0,0,0,0,0,0,0,0,0,0,0,0,0,0,0,0,0,0
9002,0,0,0,0,0,0,0,0,0,0,0,0,0,0,0,0,0,0
245288,0,0,0,0,0,0,0,0,0,0,0,0,0,0,0,0,0,0
24776,0,0,0,0,0,0,0,0,0,0,0,0,0,0,0,0,0,0
637496,0,0,0,0,0,0,0,0,0,0,0,0,0,0,0,0,0,0
431901,0,0,0,0,0,0,0,0,0,0,0,0,0,0,0,0,0,0
34211,0,0,0,0,0,0,0,0,0,0,0,0,0,0,0,0,0,0
51885,0,0,0,0,0,0,0,0,0,0,0,0,0,0,0,0,0,0
40088,0,0,0,0,0,0,0,0,0,0,0,0,0,0,0,0,0,0
694037,0,0,0,0,0,0,0,0,0,0,0,0,0,0,0,0,0,0
447587,0,0,0,0,0,0,0,0,0,0,0,0,0,0,0,0,0,0
7366,0,0,0,0,0,0,0,0,0,0,0,0,0,0,0,0,0,0
16925,0,0,0,0,0,0,0,0,0,0,0,0,0,0,0,0,0,0
360456,0,0,0,0,0,0,0,0,0,0,0,0,0,0,0,0,0,0
4818,0,0,0,0,0,0,0,0,0,0,0,0,0,0,0,0,0,0
364300,0,0,0,0,0,0,0,0,0,0,0,0,0,0,0,0,0,0
40591,0,0,0,0,0,0,0,0,0,0,0,0,0,0,0,0,0,0
26257,0,0,0,0,0,0,0,0,0,0,0,0,0,0,0,0,0,0
55666,0,0,0,0,0,0,0,0,0,0,0,0,0,0,0,0,0,0
600498,0,0,0,0,0,0,0,0,0,0,0,0,0,0,0,0,0,0
25877,0,0,0,0,0,0,0,0,0,0,0,0,0,0,0,0,0,0
49010,0,0,0,0,0,0,0,0,0,0,0,0,0,0,0,0,0,0
348016,0,0,0,0,0,0,0,0,0,0,0,0,0,0,0,0,0,0
659081,0,0,0,0,0,0,0,0,0,0,0,0,0,0,0,0,0,0
47850,0,0,0,0,0,0,0,0,0,0,0,0,0,0,0,0,0,0
6126,0,0,0,0,0,0,0,0,0,0,0,0,0,0,0,0,0,0
48116,0,0,0,0,0,0,0,0,0,0,0,0,0,0,0,0,0,0
333066,0,0,0,0,0,0,0,0,0,0,0,0,0,0,0,0,0,0
447290,0,0,0,0,0,0,0,0,0,0,0,0,0,0,0,0,0,0
23704,0,0,0,0,0,0,0,0,0,0,0,0,0,0,0,0,0,0
23781,0,0,0,0,0,0,0,0,0,0,0,0,0,0,0,0,0,0
323389,0,0,0,0,0,0,0,0,0,0,0,0,0,0,0,0,0,0
6981,0,0,0,0,0,0,0,0,0,0,0,0,0,0,0,0,0,0
24695,0,0,0,0,0,0,0,0,0,0,0,0,0,0,0,0,0,0
52922,0,0,0,0,0,0,0,0,0,0,0,0,0,0,0,0,0,0
24789,0,0,0,0,0,0,0,0,0,0,0,0,0,0,0,0,0,0
8251,0,0,0,0,0,0,0,0,0,0,0,0,0,0,0,0,0,0
55691,0,0,0,0,0,0,0,0,0,0,0,0,0,0,0,0,0,0
47190,0,0,0,0,0,0,0,0,0,0,0,0,0,0,0,0,0,0
39007,0,0,0,0,0,0,0,0,0,0,0,0,0,0,0,0,0,0
40575,0,0,0,0,0,0,0,0,0,0,0,0,0,0,0,0,0,0
311158,0,0,0,0,0,0,0,0,0,0,0,0,0,0,0,0,0,0
279810,0,0,0,0,0,0,0,0,0,0,0,0,0,0,0,0,0,0
6145,0,0,0,0,0,0,0,0,0,0,0,0,0,0,0,0,0,0
55710,0,0,0,0,0,0,0,0,0,0,0,0,0,0,0,0,0,0
55896,0,0,0,0,0,0,0,0,0,0,0,0,0,0,0,0,0,0
40563,0,0,0,0,0,0,0,0,0,0,0,0,0,0,0,0,0,0
260036,0,0,0,0,0,0,0,0,0,0,0,0,0,0,0,0,0,0
376116,0,0,0,0,0,0,0,0,0,0,0,0,0,0,0,0,0,0
46942,0,0,0,0,0,0,0,0,0,0,0,0,0,0,0,0,0,0
43274,0,0,0,0,0,0,0,0,0,0,0,0,0,0,0,0,0,0
467420,0,0,0,0,0,0,0,0,0,0,0,0,0,0,0,0,0,0
13368,0,0,0,0,0,0,0,0,0,0,0,0,0,0,0,0,0,0
7358,0,0,0,0,0,0,0,0,0,0,0,0,0,0,0,0,0,0
23700,0,0,0,0,0,0,0,0,0,0,0,0,0,0,0,0,0,0
42664,0,0,0,0,0,0,0,0,0,0,0,0,0,0,0,0,0,0
55652,0,0,0,0,0,0,0,0,0,0,0,0,0,0,0,0,0,0
55933,0,0,0,0,0,0,0,0,0,0,0,0,0,0,0,0,0,0
25532,0,0,0,0,0,0,0,0,0,0,0,0,0,0,0,0,0,0
244639,0,0,0,0,0,0,0,0,0,0,0,0,0,0,0,0,0,0
52063,0,0,0,0,0,0,0,0,0,0,0,0,0,0,0,0,0,0
49623,0,0,0,0,0,0,0,0,0,0,0,0,0,0,0,0,0,0
36331,0,0,0,0,0,0,0,0,0,0,0,0,0,0,0,0,0,0
427178,0,0,0,0,0,0,0,0,0,0,0,0,0,0,0,0,0,0
47215,0,0,0,0,0,0,0,0,0,0,0,0,0,0,0,0,0,0
774223,0,0,0,0,0,0,0,0,0,0,0,0,0,0,0,0,0,0
48835,0,0,0,0,0,0,0,0,0,0,0,0,0,0,0,0,0,0
50432,0,0,0,0,0,0,0,0,0,0,0,0,0,0,0,0,0,0
36297,0,0,0,0,0,0,0,0,0,0,0,0,0,0,0,0,0,0
56101,0,0,0,0,0,0,0,0,0,0,0,0,0,0,0,0,0,0
39091,0,0,0,0,0,0,0,0,0,0,0,0,0,0,0,0,0,0
35673,0,0,0,0,0,0,0,0,0,0,0,0,0,0,0,0,0,0
317293,0,0,0,0,0,0,0,0,0,0,0,0,0,0,0,0,0,0
533953,0,0,0,0,0,0,0,0,0,0,0,0,0,0,0,0,0,0
210279,0,0,0,0,0,0,0,0,0,0,0,0,0,0,0,0,0,0
26329,0,0,0,0,0,0,0,0,0,0,0,0,0,0,0,0,0,0
5385,0,0,0,0,0,0,0,0,0,0,0,0,0,0,0,0,0,0
779973,0,0,0,0,0,0,0,0,0,0,0,0,0,0,0,0,0,0
480603,0,0,0,0,0,0,0,0,0,0,0,0,0,0,0,0,0,0
55968,0,0,0,0,0,0,0,0,0,0,0,0,0,0,0,0,0,0
48112,0,0,0,0,0,0,0,0,0,0,0,0,0,0,0,0,0,0
245287,0,0,0,0,0,0,0,0,0,0,0,0,0,0,0,0,0,0
268739,0,0,0,0,0,0,0,0,0,0,0,0,0,0,0,0,0,0
55463,0,0,0,0,0,0,0,0,0,0,0,0,0,0,0,0,0,0
50852,0,0,0,0,0,0,0,0,0,0,0,0,0,0,0,0,0,0
38920,0,0,0,0,0,0,0,0,0,0,0,0,0,0,0,0,0,0
32346,0,0,0,0,0,0,0,0,0,0,0,0,0,0,0,0,0,0
35731,0,0,0,0,0,0,0,0,0,0,0,0,0,0,0,0,0,0
1043681,0,0,0,0,0,0,0,0,0,0,0,0,0,0,0,0,0,0
42746,0,0,0,0,0,0,0,0,0,0,0,0,0,0,0,0,0,0
227762,0,0,0,0,0,0,0,0,0,0,0,0,0,0,0,0,0,0
8590,0,0,0,0,0,0,0,0,0,0,0,0,0,0,0,0,0,0
25546,0,0,0,0,0,0,0,0,0,0,0,0,0,0,0,0,0,0
36084,0,0,0,0,0,0,0,0,0,0,0,0,0,0,0,0,0,0
7302,0,0,0,0,0,0,0,0,0,0,0,0,0,0,0,0,0,0
1125867,0,0,0,0,0,0,0,0,0,0,0,0,0,0,0,0,0,0
56209,0,0,0,0,0,0,0,0,0,0,0,0,0,0,0,0,0,0
277912,0,0,0,0,0,0,0,0,0,0,0,0,0,0,0,0,0,0
625383,0,0,0,0,0,0,0,0,0,0,0,0,0,0,0,0,0,0
265564,0,0,0,0,0,0,0,0,0,0,0,0,0,0,0,0,0,0
38058,0,0,0,0,0,0,0,0,0,0,0,0,0,0,0,0,0,0
56094,0,0,0,0,0,0,0,0,0,0,0,0,0,0,0,0,0,0
38708,0,0,0,0,0,0,0,0,0,0,0,0,0,0,0,0,0,0
50438,0,0,0,0,0,0,0,0,0,0,0,0,0,0,0,0,0,0
28779,0,0,0,0,0,0,0,0,0,0,0,0,0,0,0,0,0,0
51865,0,0,0,0,0,0,0,0,0,0,0,0,0,0,0,0,0,0
348144,0,0,0,0,0,0,0,0,0,0,0,0,0,0,0,0,0,0
414973,0,0,0,0,0,0,0,0,0,0,0,0,0,0,0,0,0,0
314615,0,0,0,0,0,0,0,0,0,0,0,0,0,0,0,0,0,0
55935,0,0,0,0,0,0,0,0,0,0,0,0,0,0,0,0,0,0
37101,0,0,0,0,0,0,0,0,0,0,0,0,0,0,0,0,0,0
8466,0,0,0,0,0,0,0,0,0,0,0,0,0,0,0,0,0,0
36622,0,0,0,0,0,0,0,0,0,0,0,0,0,0,0,0,0,0
24719,0,0,0,0,0,0,0,0,0,0,0,0,0,0,0,0,0,0
440963,0,0,0,0,0,0,0,0,0,0,0,0,0,0,0,0,0,0
25643,0,0,0,0,0,0,0,0,0,0,0,0,0,0,0,0,0,0
333029,0,0,0,0,0,0,0,0,0,0,0,0,0,0,0,0,0,0
307234,0,0,0,0,0,0,0,0,0,0,0,0,0,0,0,0,0,0
29976,0,0,0,0,0,0,0,0,0,0,0,0,0,0,0,0,0,0
20051,0,0,0,0,0,0,0,0,0,0,0,0,0,0,0,0,0,0
395057,0,0,0,0,0,0,0,0,0,0,0,0,0,0,0,0,0,0
45797,0,0,0,0,0,0,0,0,0,0,0,0,0,0,0,0,0,0
465797,0,0,0,0,0,0,0,0,0,0,0,0,0,0,0,0,0,0
43701,0,0,0,0,0,0,0,0,0,0,0,0,0,0,0,0,0,0
12884,0,0,0,0,0,0,0,0,0,0,0,0,0,0,0,0,0,0
30923,0,0,0,0,0,0,0,0,0,0,0,0,0,0,0,0,0,0
269237,0,0,0,0,0,0,0,0,0,0,0,0,0,0,0,0,0,0
43906,0,0,0,0,0,0,0,0,0,0,0,0,0,0,0,0,0,0
38398,0,0,0,0,0,0,0,0,0,0,0,0,0,0,0,0,0,0
25113,0,0,0,0,0,0,0,0,0,0,0,0,0,0,0,0,0,0
56038,0,0,0,0,0,0,0,0,0,0,0,0,0,0,0,0,0,0
4185,0,0,0,0,0,0,0,0,0,0,0,0,0,0,0,0,0,0
7898,0,0,0,0,0,0,0,0,0,0,0,0,0,0,0,0,0,0
244497,0,0,0,0,0,0,0,0,0,0,0,0,0,0,0,0,0,0
10816,0,0,0,0,0,0,0,0,0,0,0,0,0,0,0,0,0,0
300619,0,0,0,0,0,0,0,0,0,0,0,0,0,0,0,0,0,0
629070,0,0,0,0,0,0,0,0,0,0,0,0,0,0,0,0,0,0
41262,0,0,0,0,0,0,0,0,0,0,0,0,0,0,0,0,0,0
307077,0,0,0,0,0,0,0,0,0,0,0,0,0,0,0,0,0,0
42612,0,0,0,0,0,0,0,0,0,0,0,0,0,0,0,0,0,0
216996,0,0,0,0,0,0,0,0,0,0,0,0,0,0,0,0,0,0
48124,0,0,0,0,0,0,0,0,0,0,0,0,0,0,0,0,0,0
489889,0,0,0,0,0,0,0,0,0,0,0,0,0,0,0,0,0,0
12909,0,0,0,0,0,0,0,0,0,0,0,0,0,0,0,0,0,0
55882,0,0,0,0,0,0,0,0,0,0,0,0,0,0,0,0,0,0
50710,0,0,0,0,0,0,0,0,0,0,0,0,0,0,0,0,0,0
49870,0,0,0,0,0,0,0,0,0,0,0,0,0,0,0,0,0,0
55885,0,0,0,0,0,0,0,0,0,0,0,0,0,0,0,0,0,0
50424,0,0,0,0,0,0,0,0,0,0,0,0,0,0,0,0,0,0
