player_id,matches,innings,runs,BF,Ave,SR,50s,100s,Ct,St,NO,Bowl_innings,balls,runs_given,wkts,Ave,Eco,SR
56025,0,0,0,0,0,0,0,0,0,0,0,0,0,0,0,0,0,0
429754,0,0,0,0,0,0,0,0,0,0,0,0,0,0,0,0,0,0
8917,0,0,0,0,0,0,0,0,0,0,0,0,0,0,0,0,0,0
51901,0,0,0,0,0,0,0,0,0,0,0,0,0,0,0,0,0,0
51880,0,0,0,0,0,0,0,0,0,0,0,0,0,0,0,0,0,0
34074,0,0,0,0,0,0,0,0,0,0,0,0,0,0,0,0,0,0
38617,0,0,0,0,0,0,0,0,0,0,0,0,0,0,0,0,0,0
308235,0,0,0,0,0,0,0,0,0,0,0,0,0,0,0,0,0,0
24599,0,0,0,0,0,0,0,0,0,0,0,0,0,0,0,0,0,0
827051,0,0,0,0,0,0,0,0,0,0,0,0,0,0,0,0,0,0
39008,0,0,0,0,0,0,0,0,0,0,0,0,0,0,0,0,0,0
539511,0,0,0,0,0,0,0,0,0,0,0,0,0,0,0,0,0,0
51643,0,0,0,0,0,0,0,0,0,0,0,0,0,0,0,0,0,0
559066,0,0,0,0,0,0,0,0,0,0,0,0,0,0,0,0,0,0
235519,0,0,0,0,0,0,0,0,0,0,0,0,0,0,0,0,0,0
524253,0,0,0,0,0,0,0,0,0,0,0,0,0,0,0,0,0,0
526492,0,0,0,0,0,0,0,0,0,0,0,0,0,0,0,0,0,0
629074,0,0,0,0,0,0,0,0,0,0,0,0,0,0,0,0,0,0
308967,0,0,0,0,0,0,0,0,0,0,0,0,0,0,0,0,0,0
506612,0,0,0,0,0,0,0,0,0,0,0,0,0,0,0,0,0,0
540316,0,0,0,0,0,0,0,0,0,0,0,0,0,0,0,0,0,0
33952,0,0,0,0,0,0,0,0,0,0,0,0,0,0,0,0,0,0
50244,0,0,0,0,0,0,0,0,0,0,0,0,0,0,0,0,0,0
6551,0,0,0,0,0,0,0,0,0,0,0,0,0,0,0,0,0,0
38999,0,0,0,0,0,0,0,0,0,0,0,0,0,0,0,0,0,0
52810,0,0,0,0,0,0,0,0,0,0,0,0,0,0,0,0,0,0
13365,0,0,0,0,0,0,0,0,0,0,0,0,0,0,0,0,0,0
324358,0,0,0,0,0,0,0,0,0,0,0,0,0,0,0,0,0,0
318842,0,0,0,0,0,0,0,0,0,0,0,0,0,0,0,0,0,0
434429,0,0,0,0,0,0,0,0,0,0,0,0,0,0,0,0,0,0
26225,0,0,0,0,0,0,0,0,0,0,0,0,0,0,0,0,0,0
38258,0,0,0,0,0,0,0,0,0,0,0,0,0,0,0,0,0,0
326434,0,0,0,0,0,0,0,0,0,0,0,0,0,0,0,0,0,0
600498,0,0,0,0,0,0,0,0,0,0,0,0,0,0,0,0,0,0
429738,0,0,0,0,0,0,0,0,0,0,0,0,0,0,0,0,0,0
55608,0,0,0,0,0,0,0,0,0,0,0,0,0,0,0,0,0,0
459508,0,0,0,0,0,0,0,0,0,0,0,0,0,0,0,0,0,0
33891,0,0,0,0,0,0,0,0,0,0,0,0,0,0,0,0,0,0
516561,0,0,0,0,0,0,0,0,0,0,0,0,0,0,0,0,0,0
12884,0,0,0,0,0,0,0,0,0,0,0,0,0,0,0,0,0,0
235532,0,0,0,0,0,0,0,0,0,0,0,0,0,0,0,0,0,0
318339,0,0,0,0,0,0,0,0,0,0,0,0,0,0,0,0,0,0
425639,0,0,0,0,0,0,0,0,0,0,0,0,0,0,0,0,0,0
4127,0,0,0,0,0,0,0,0,0,0,0,0,0,0,0,0,0,0
42658,0,0,0,0,0,0,0,0,0,0,0,0,0,0,0,0,0,0
32323,0,0,0,0,0,0,0,0,0,0,0,0,0,0,0,0,0,0
49005,0,0,0,0,0,0,0,0,0,0,0,0,0,0,0,0,0,0
300628,0,0,0,0,0,0,0,0,0,0,0,0,0,0,0,0,0,0
37224,0,0,0,0,0,0,0,0,0,0,0,0,0,0,0,0,0,0
213674,0,0,0,0,0,0,0,0,0,0,0,0,0,0,0,0,0,0
671805,0,0,0,0,0,0,0,0,0,0,0,0,0,0,0,0,0,0
47884,0,0,0,0,0,0,0,0,0,0,0,0,0,0,0,0,0,0
38699,0,0,0,0,0,0,0,0,0,0,0,0,0,0,0,0,0,0
19264,0,0,0,0,0,0,0,0,0,0,0,0,0,0,0,0,0,0
42623,0,0,0,0,0,0,0,0,0,0,0,0,0,0,0,0,0,0
48457,0,0,0,0,0,0,0,0,0,0,0,0,0,0,0,0,0,0
303669,0,0,0,0,0,0,0,0,0,0,0,0,0,0,0,0,0,0
49368,0,0,0,0,0,0,0,0,0,0,0,0,0,0,0,0,0,0
232364,0,0,0,0,0,0,0,0,0,0,0,0,0,0,0,0,0,0
247235,0,0,0,0,0,0,0,0,0,0,0,0,0,0,0,0,0,0
681305,0,0,0,0,0,0,0,0,0,0,0,0,0,0,0,0,0,0
6549,0,0,0,0,0,0,0,0,0,0,0,0,0,0,0,0,0,0
974719,0,0,0,0,0,0,0,0,0,0,0,0,0,0,0,0,0,0
12486,0,0,0,0,0,0,0,0,0,0,0,0,0,0,0,0,0,0
18557,0,0,0,0,0,0,0,0,0,0,0,0,0,0,0,0,0,0
401540,0,0,0,0,0,0,0,0,0,0,0,0,0,0,0,0,0,0
559235,0,0,0,0,0,0,0,0,0,0,0,0,0,0,0,0,0,0
332980,0,0,0,0,0,0,0,0,0,0,0,0,0,0,0,0,0,0
244497,0,0,0,0,0,0,0,0,0,0,0,0,0,0,0,0,0,0
330902,0,0,0,0,0,0,0,0,0,0,0,0,0,0,0,0,0,0
13340,0,0,0,0,0,0,0,0,0,0,0,0,0,0,0,0,0,0
55346,0,0,0,0,0,0,0,0,0,0,0,0,0,0,0,0,0,0
596375,0,0,0,0,0,0,0,0,0,0,0,0,0,0,0,0,0,0
48462,0,0,0,0,0,0,0,0,0,0,0,0,0,0,0,0,0,0
380354,0,0,0,0,0,0,0,0,0,0,0,0,0,0,0,0,0,0
48447,0,0,0,0,0,0,0,0,0,0,0,0,0,0,0,0,0,0
300631,0,0,0,0,0,0,0,0,0,0,0,0,0,0,0,0,0,0
16899,0,0,0,0,0,0,0,0,0,0,0,0,0,0,0,0,0,0
56007,0,0,0,0,0,0,0,0,0,0,0,0,0,0,0,0,0,0
457249,0,0,0,0,0,0,0,0,0,0,0,0,0,0,0,0,0,0
39037,0,0,0,0,0,0,0,0,0,0,0,0,0,0,0,0,0,0
288284,0,0,0,0,0,0,0,0,0,0,0,0,0,0,0,0,0,0
277916,0,0,0,0,0,0,0,0,0,0,0,0,0,0,0,0,0,0
351588,0,0,0,0,0,0,0,0,0,0,0,0,0,0,0,0,0,0
230549,0,0,0,0,0,0,0,0,0,0,0,0,0,0,0,0,0,0
41262,0,0,0,0,0,0,0,0,0,0,0,0,0,0,0,0,0,0
26329,0,0,0,0,0,0,0,0,0,0,0,0,0,0,0,0,0,0
26948,0,0,0,0,0,0,0,0,0,0,0,0,0,0,0,0,0,0
671823,0,0,0,0,0,0,0,0,0,0,0,0,0,0,0,0,0,0
233514,0,0,0,0,0,0,0,0,0,0,0,0,0,0,0,0,0,0
30873,0,0,0,0,0,0,0,0,0,0,0,0,0,0,0,0,0,0
459752,0,0,0,0,0,0,0,0,0,0,0,0,0,0,0,0,0,0
56194,0,0,0,0,0,0,0,0,0,0,0,0,0,0,0,0,0,0
49213,0,0,0,0,0,0,0,0,0,0,0,0,0,0,0,0,0,0
307808,0,0,0,0,0,0,0,0,0,0,0,0,0,0,0,0,0,0
281653,0,0,0,0,0,0,0,0,0,0,0,0,0,0,0,0,0,0
17134,0,0,0,0,0,0,0,0,0,0,0,0,0,0,0,0,0,0
55870,0,0,0,0,0,0,0,0,0,0,0,0,0,0,0,0,0,0
42626,0,0,0,0,0,0,0,0,0,0,0,0,0,0,0,0,0,0
534734,0,0,0,0,0,0,0,0,0,0,0,0,0,0,0,0,0,0
6272,0,0,0,0,0,0,0,0,0,0,0,0,0,0,0,0,0,0
24598,0,0,0,0,0,0,0,0,0,0,0,0,0,0,0,0,0,0
6525,0,0,0,0,0,0,0,0,0,0,0,0,0,0,0,0,0,0
5692,0,0,0,0,0,0,0,0,0,0,0,0,0,0,0,0,0,0
49629,0,0,0,0,0,0,0,0,0,0,0,0,0,0,0,0,0,0
379143,0,0,0,0,0,0,0,0,0,0,0,0,0,0,0,0,0,0
321777,0,0,0,0,0,0,0,0,0,0,0,0,0,0,0,0,0,0
300619,0,0,0,0,0,0,0,0,0,0,0,0,0,0,0,0,0,0
43707,0,0,0,0,0,0,0,0,0,0,0,0,0,0,0,0,0,0
495551,0,0,0,0,0,0,0,0,0,0,0,0,0,0,0,0,0,0
574178,0,0,0,0,0,0,0,0,0,0,0,0,0,0,0,0,0,0
30116,0,0,0,0,0,0,0,0,0,0,0,0,0,0,0,0,0,0
533956,0,0,0,0,0,0,0,0,0,0,0,0,0,0,0,0,0,0
308294,0,0,0,0,0,0,0,0,0,0,0,0,0,0,0,0,0,0
7360,0,0,0,0,0,0,0,0,0,0,0,0,0,0,0,0,0,0
326016,0,0,0,0,0,0,0,0,0,0,0,0,0,0,0,0,0,0
417381,0,0,0,0,0,0,0,0,0,0,0,0,0,0,0,0,0,0
30028,0,0,0,0,0,0,0,0,0,0,0,0,0,0,0,0,0,0
298438,0,0,0,0,0,0,0,0,0,0,0,0,0,0,0,0,0,0
352048,0,0,0,0,0,0,0,0,0,0,0,0,0,0,0,0,0,0
55872,0,0,0,0,0,0,0,0,0,0,0,0,0,0,0,0,0,0
49364,0,0,0,0,0,0,0,0,0,0,0,0,0,0,0,0,0,0
55412,0,0,0,0,0,0,0,0,0,0,0,0,0,0,0,0,0,0
33034,0,0,0,0,0,0,0,0,0,0,0,0,0,0,0,0,0,0
249866,0,0,0,0,0,0,0,0,0,0,0,0,0,0,0,0,0,0
8251,0,0,0,0,0,0,0,0,0,0,0,0,0,0,0,0,0,0
38396,0,0,0,0,0,0,0,0,0,0,0,0,0,0,0,0,0,0
42420,0,0,0,0,0,0,0,0,0,0,0,0,0,0,0,0,0,0
52419,0,0,0,0,0,0,0,0,0,0,0,0,0,0,0,0,0,0
36603,0,0,0,0,0,0,0,0,0,0,0,0,0,0,0,0,0,0
36306,0,0,0,0,0,0,0,0,0,0,0,0,0,0,0,0,0,0
1093091,0,0,0,0,0,0,0,0,0,0,0,0,0,0,0,0,0,0
36620,0,0,0,0,0,0,0,0,0,0,0,0,0,0,0,0,0,0
784379,0,0,0,0,0,0,0,0,0,0,0,0,0,0,0,0,0,0
7656,0,0,0,0,0,0,0,0,0,0,0,0,0,0,0,0,0,0
348144,0,0,0,0,0,0,0,0,0,0,0,0,0,0,0,0,0,0
41308,0,0,0,0,0,0,0,0,0,0,0,0,0,0,0,0,0,0
25490,0,0,0,0,0,0,0,0,0,0,0,0,0,0,0,0,0,0
232435,0,0,0,0,0,0,0,0,0,0,0,0,0,0,0,0,0,0
524247,0,0,0,0,0,0,0,0,0,0,0,0,0,0,0,0,0,0
625371,0,0,0,0,0,0,0,0,0,0,0,0,0,0,0,0,0,0
941959,0,0,0,0,0,0,0,0,0,0,0,0,0,0,0,0,0,0
36595,0,0,0,0,0,0,0,0,0,0,0,0,0,0,0,0,0,0
12923,0,0,0,0,0,0,0,0,0,0,0,0,0,0,0,0,0,0
448243,0,0,0,0,0,0,0,0,0,0,0,0,0,0,0,0,0,0
5334,0,0,0,0,0,0,0,0,0,0,0,0,0,0,0,0,0,0
493773,0,0,0,0,0,0,0,0,0,0,0,0,0,0,0,0,0,0
320652,0,0,0,0,0,0,0,0,0,0,0,0,0,0,0,0,0,0
269237,0,0,0,0,0,0,0,0,0,0,0,0,0,0,0,0,0,0
277912,0,0,0,0,0,0,0,0,0,0,0,0,0,0,0,0,0,0
227760,0,0,0,0,0,0,0,0,0,0,0,0,0,0,0,0,0,0
922943,0,0,0,0,0,0,0,0,0,0,0,0,0,0,0,0,0,0
52063,0,0,0,0,0,0,0,0,0,0,0,0,0,0,0,0,0,0
42421,0,0,0,0,0,0,0,0,0,0,0,0,0,0,0,0,0,0
4174,0,0,0,0,0,0,0,0,0,0,0,0,0,0,0,0,0,0
325026,0,0,0,0,0,0,0,0,0,0,0,0,0,0,0,0,0,0
24611,0,0,0,0,0,0,0,0,0,0,0,0,0,0,0,0,0,0
28808,0,0,0,0,0,0,0,0,0,0,0,0,0,0,0,0,0,0
677081,0,0,0,0,0,0,0,0,0,0,0,0,0,0,0,0,0,0
50807,0,0,0,0,0,0,0,0,0,0,0,0,0,0,0,0,0,0
43121,0,0,0,0,0,0,0,0,0,0,0,0,0,0,0,0,0,0
419873,0,0,0,0,0,0,0,0,0,0,0,0,0,0,0,0,0,0
820351,0,0,0,0,0,0,0,0,0,0,0,0,0,0,0,0,0,0
452472,0,0,0,0,0,0,0,0,0,0,0,0,0,0,0,0,0,0
420427,0,0,0,0,0,0,0,0,0,0,0,0,0,0,0,0,0,0
807535,0,0,0,0,0,0,0,0,0,0,0,0,0,0,0,0,0,0
550235,0,0,0,0,0,0,0,0,0,0,0,0,0,0,0,0,0,0
629063,0,0,0,0,0,0,0,0,0,0,0,0,0,0,0,0,0,0
41303,0,0,0,0,0,0,0,0,0,0,0,0,0,0,0,0,0,0
318788,0,0,0,0,0,0,0,0,0,0,0,0,0,0,0,0,0,0
290462,0,0,0,0,0,0,0,0,0,0,0,0,0,0,0,0,0,0
793463,0,0,0,0,0,0,0,0,0,0,0,0,0,0,0,0,0,0
41301,0,0,0,0,0,0,0,0,0,0,0,0,0,0,0,0,0,0
37703,0,0,0,0,0,0,0,0,0,0,0,0,0,0,0,0,0,0
302845,0,0,0,0,0,0,0,0,0,0,0,0,0,0,0,0,0,0
5724,0,0,0,0,0,0,0,0,0,0,0,0,0,0,0,0,0,0
10839,0,0,0,0,0,0,0,0,0,0,0,0,0,0,0,0,0,0
581379,0,0,0,0,0,0,0,0,0,0,0,0,0,0,0,0,0,0
230553,0,0,0,0,0,0,0,0,0,0,0,0,0,0,0,0,0,0
6995,0,0,0,0,0,0,0,0,0,0,0,0,0,0,0,0,0,0
8501,0,0,0,0,0,0,0,0,0,0,0,0,0,0,0,0,0,0
46538,0,0,0,0,0,0,0,0,0,0,0,0,0,0,0,0,0,0
574287,0,0,0,0,0,0,0,0,0,0,0,0,0,0,0,0,0,0
13399,0,0,0,0,0,0,0,0,0,0,0,0,0,0,0,0,0,0
24609,0,0,0,0,0,0,0,0,0,0,0,0,0,0,0,0,0,0
39021,0,0,0,0,0,0,0,0,0,0,0,0,0,0,0,0,0,0
19445,0,0,0,0,0,0,0,0,0,0,0,0,0,0,0,0,0,0
3943,0,0,0,0,0,0,0,0,0,0,0,0,0,0,0,0,0,0
36609,0,0,0,0,0,0,0,0,0,0,0,0,0,0,0,0,0,0
24249,0,0,0,0,0,0,0,0,0,0,0,0,0,0,0,0,0,0
512191,0,0,0,0,0,0,0,0,0,0,0,0,0,0,0,0,0,0
51657,0,0,0,0,0,0,0,0,0,0,0,0,0,0,0,0,0,0
1005257,0,0,0,0,0,0,0,0,0,0,0,0,0,0,0,0,0,0
33949,0,0,0,0,0,0,0,0,0,0,0,0,0,0,0,0,0,0
51891,0,0,0,0,0,0,0,0,0,0,0,0,0,0,0,0,0,0
40082,0,0,0,0,0,0,0,0,0,0,0,0,0,0,0,0,0,0
38246,0,0,0,0,0,0,0,0,0,0,0,0,0,0,0,0,0,0
18627,0,0,0,0,0,0,0,0,0,0,0,0,0,0,0,0,0,0
297433,0,0,0,0,0,0,0,0,0,0,0,0,0,0,0,0,0,0
25056,0,0,0,0,0,0,0,0,0,0,0,0,0,0,0,0,0,0
873205,0,0,0,0,0,0,0,0,0,0,0,0,0,0,0,0,0,0
379145,0,0,0,0,0,0,0,0,0,0,0,0,0,0,0,0,0,0
633410,0,0,0,0,0,0,0,0,0,0,0,0,0,0,0,0,0,0
40560,0,0,0,0,0,0,0,0,0,0,0,0,0,0,0,0,0,0
42657,0,0,0,0,0,0,0,0,0,0,0,0,0,0,0,0,0,0
450075,0,0,0,0,0,0,0,0,0,0,0,0,0,0,0,0,0,0
56143,0,0,0,0,0,0,0,0,0,0,0,0,0,0,0,0,0,0
40618,0,0,0,0,0,0,0,0,0,0,0,0,0,0,0,0,0,0
36075,0,0,0,0,0,0,0,0,0,0,0,0,0,0,0,0,0,0
950303,0,0,0,0,0,0,0,0,0,0,0,0,0,0,0,0,0,0
380974,0,0,0,0,0,0,0,0,0,0,0,0,0,0,0,0,0,0
8942,0,0,0,0,0,0,0,0,0,0,0,0,0,0,0,0,0,0
9163,0,0,0,0,0,0,0,0,0,0,0,0,0,0,0,0,0,0
533862,0,0,0,0,0,0,0,0,0,0,0,0,0,0,0,0,0,0
646173,0,0,0,0,0,0,0,0,0,0,0,0,0,0,0,0,0,0
43553,0,0,0,0,0,0,0,0,0,0,0,0,0,0,0,0,0,0
50747,0,0,0,0,0,0,0,0,0,0,0,0,0,0,0,0,0,0
272450,0,0,0,0,0,0,0,0,0,0,0,0,0,0,0,0,0,0
52347,0,0,0,0,0,0,0,0,0,0,0,0,0,0,0,0,0,0
5656,0,0,0,0,0,0,0,0,0,0,0,0,0,0,0,0,0,0
44932,0,0,0,0,0,0,0,0,0,0,0,0,0,0,0,0,0,0
373439,0,0,0,0,0,0,0,0,0,0,0,0,0,0,0,0,0,0
25913,0,0,0,0,0,0,0,0,0,0,0,0,0,0,0,0,0,0
28235,0,0,0,0,0,0,0,0,0,0,0,0,0,0,0,0,0,0
384525,0,0,0,0,0,0,0,0,0,0,0,0,0,0,0,0,0,0
33975,0,0,0,0,0,0,0,0,0,0,0,0,0,0,0,0,0,0
13418,0,0,0,0,0,0,0,0,0,0,0,0,0,0,0,0,0,0
414971,0,0,0,0,0,0,0,0,0,0,0,0,0,0,0,0,0,0
277906,0,0,0,0,0,0,0,0,0,0,0,0,0,0,0,0,0,0
642519,0,0,0,0,0,0,0,0,0,0,0,0,0,0,0,0,0,0
539304,0,0,0,0,0,0,0,0,0,0,0,0,0,0,0,0,0,0
974109,0,0,0,0,0,0,0,0,0,0,0,0,0,0,0,0,0,0
48116,0,0,0,0,0,0,0,0,0,0,0,0,0,0,0,0,0,0
290716,0,0,0,0,0,0,0,0,0,0,0,0,0,0,0,0,0,0
530011,0,0,0,0,0,0,0,0,0,0,0,0,0,0,0,0,0,0
475281,0,0,0,0,0,0,0,0,0,0,0,0,0,0,0,0,0,0
391485,0,0,0,0,0,0,0,0,0,0,0,0,0,0,0,0,0,0
38398,0,0,0,0,0,0,0,0,0,0,0,0,0,0,0,0,0,0
387435,0,0,0,0,0,0,0,0,0,0,0,0,0,0,0,0,0,0
399259,0,0,0,0,0,0,0,0,0,0,0,0,0,0,0,0,0,0
52983,0,0,0,0,0,0,0,0,0,0,0,0,0,0,0,0,0,0
22363,0,0,0,0,0,0,0,0,0,0,0,0,0,0,0,0,0,0
502714,0,0,0,0,0,0,0,0,0,0,0,0,0,0,0,0,0,0
260036,0,0,0,0,0,0,0,0,0,0,0,0,0,0,0,0,0,0
633362,0,0,0,0,0,0,0,0,0,0,0,0,0,0,0,0,0,0
38973,0,0,0,0,0,0,0,0,0,0,0,0,0,0,0,0,0,0
220519,0,0,0,0,0,0,0,0,0,0,0,0,0,0,0,0,0,0
50249,0,0,0,0,0,0,0,0,0,0,0,0,0,0,0,0,0,0
37240,0,0,0,0,0,0,0,0,0,0,0,0,0,0,0,0,0,0
388802,0,0,0,0,0,0,0,0,0,0,0,0,0,0,0,0,0,0
303423,0,0,0,0,0,0,0,0,0,0,0,0,0,0,0,0,0,0
32226,0,0,0,0,0,0,0,0,0,0,0,0,0,0,0,0,0,0
6044,0,0,0,0,0,0,0,0,0,0,0,0,0,0,0,0,0,0
290948,0,0,0,0,0,0,0,0,0,0,0,0,0,0,0,0,0,0
550215,0,0,0,0,0,0,0,0,0,0,0,0,0,0,0,0,0,0
53216,0,0,0,0,0,0,0,0,0,0,0,0,0,0,0,0,0,0
438563,0,0,0,0,0,0,0,0,0,0,0,0,0,0,0,0,0,0
703323,0,0,0,0,0,0,0,0,0,0,0,0,0,0,0,0,0,0
49623,0,0,0,0,0,0,0,0,0,0,0,0,0,0,0,0,0,0
1125866,0,0,0,0,0,0,0,0,0,0,0,0,0,0,0,0,0,0
52622,0,0,0,0,0,0,0,0,0,0,0,0,0,0,0,0,0,0
37254,0,0,0,0,0,0,0,0,0,0,0,0,0,0,0,0,0,0
1043681,0,0,0,0,0,0,0,0,0,0,0,0,0,0,0,0,0,0
28081,0,0,0,0,0,0,0,0,0,0,0,0,0,0,0,0,0,0
50855,0,0,0,0,0,0,0,0,0,0,0,0,0,0,0,0,0,0
373538,0,0,0,0,0,0,0,0,0,0,0,0,0,0,0,0,0,0
34103,0,0,0,0,0,0,0,0,0,0,0,0,0,0,0,0,0,0
24605,0,0,0,0,0,0,0,0,0,0,0,0,0,0,0,0,0,0
7358,0,0,0,0,0,0,0,0,0,0,0,0,0,0,0,0,0,0
219889,0,0,0,0,0,0,0,0,0,0,0,0,0,0,0,0,0,0
24289,0,0,0,0,0,0,0,0,0,0,0,0,0,0,0,0,0,0
52345,0,0,0,0,0,0,0,0,0,0,0,0,0,0,0,0,0,0
414966,0,0,0,0,0,0,0,0,0,0,0,0,0,0,0,0,0,0
267192,0,0,0,0,0,0,0,0,0,0,0,0,0,0,0,0,0,0
40879,0,0,0,0,0,0,0,0,0,0,0,0,0,0,0,0,0,0
300618,0,0,0,0,0,0,0,0,0,0,0,0,0,0,0,0,0,0
360456,0,0,0,0,0,0,0,0,0,0,0,0,0,0,0,0,0,0
51211,0,0,0,0,0,0,0,0,0,0,0,0,0,0,0,0,0,0
348148,0,0,0,0,0,0,0,0,0,0,0,0,0,0,0,0,0,0
35654,0,0,0,0,0,0,0,0,0,0,0,0,0,0,0,0,0,0
253802,0,0,0,0,0,0,0,0,0,0,0,0,0,0,0,0,0,0
315594,0,0,0,0,0,0,0,0,0,0,0,0,0,0,0,0,0,0
332978,0,0,0,0,0,0,0,0,0,0,0,0,0,0,0,0,0,0
35713,0,0,0,0,0,0,0,0,0,0,0,0,0,0,0,0,0,0
44828,0,0,0,0,0,0,0,0,0,0,0,0,0,0,0,0,0,0
542023,0,0,0,0,0,0,0,0,0,0,0,0,0,0,0,0,0,0
414970,0,0,0,0,0,0,0,0,0,0,0,0,0,0,0,0,0,0
43703,0,0,0,0,0,0,0,0,0,0,0,0,0,0,0,0,0,0
16178,0,0,0,0,0,0,0,0,0,0,0,0,0,0,0,0,0,0
4169,0,0,0,0,0,0,0,0,0,0,0,0,0,0,0,0,0,0
943275,0,0,0,0,0,0,0,0,0,0,0,0,0,0,0,0,0,0
401537,0,0,0,0,0,0,0,0,0,0,0,0,0,0,0,0,0,0
552152,0,0,0,0,0,0,0,0,0,0,0,0,0,0,0,0,0,0
1125867,0,0,0,0,0,0,0,0,0,0,0,0,0,0,0,0,0,0
7252,0,0,0,0,0,0,0,0,0,0,0,0,0,0,0,0,0,0
288211,0,0,0,0,0,0,0,0,0,0,0,0,0,0,0,0,0,0
659081,0,0,0,0,0,0,0,0,0,0,0,0,0,0,0,0,0,0
311592,0,0,0,0,0,0,0,0,0,0,0,0,0,0,0,0,0,0
5685,0,0,0,0,0,0,0,0,0,0,0,0,0,0,0,0,0,0
430246,0,0,0,0,0,0,0,0,0,0,0,0,0,0,0,0,0,0
299572,0,0,0,0,0,0,0,0,0,0,0,0,0,0,0,0,0,0
10843,0,0,0,0,0,0,0,0,0,0,0,0,0,0,0,0,0,0
7946,0,0,0,0,0,0,0,0,0,0,0,0,0,0,0,0,0,0
8291,0,0,0,0,0,0,0,0,0,0,0,0,0,0,0,0,0,0
568276,0,0,0,0,0,0,0,0,0,0,0,0,0,0,0,0,0,0
36622,0,0,0,0,0,0,0,0,0,0,0,0,0,0,0,0,0,0
439952,0,0,0,0,0,0,0,0,0,0,0,0,0,0,0,0,0,0
417268,0,0,0,0,0,0,0,0,0,0,0,0,0,0,0,0,0,0
627732,0,0,0,0,0,0,0,0,0,0,0,0,0,0,0,0,0,0
436757,0,0,0,0,0,0,0,0,0,0,0,0,0,0,0,0,0,0
50250,0,0,0,0,0,0,0,0,0,0,0,0,0,0,0,0,0,0
919489,0,0,0,0,0,0,0,0,0,0,0,0,0,0,0,0,0,0
345821,0,0,0,0,0,0,0,0,0,0,0,0,0,0,0,0,0,0
245490,0,0,0,0,0,0,0,0,0,0,0,0,0,0,0,0,0,0
302875,0,0,0,0,0,0,0,0,0,0,0,0,0,0,0,0,0,0
311158,0,0,0,0,0,0,0,0,0,0,0,0,0,0,0,0,0,0
25065,0,0,0,0,0,0,0,0,0,0,0,0,0,0,0,0,0,0
48470,0,0,0,0,0,0,0,0,0,0,0,0,0,0,0,0,0,0
629070,0,0,0,0,0,0,0,0,0,0,0,0,0,0,0,0,0,0
226492,0,0,0,0,0,0,0,0,0,0,0,0,0,0,0,0,0,0
12507,0,0,0,0,0,0,0,0,0,0,0,0,0,0,0,0,0,0
49764,0,0,0,0,0,0,0,0,0,0,0,0,0,0,0,0,0,0
348059,0,0,0,0,0,0,0,0,0,0,0,0,0,0,0,0,0,0
44936,0,0,0,0,0,0,0,0,0,0,0,0,0,0,0,0,0,0
11931,0,0,0,0,0,0,0,0,0,0,0,0,0,0,0,0,0,0
718553,0,0,0,0,0,0,0,0,0,0,0,0,0,0,0,0,0,0
8198,0,0,0,0,0,0,0,0,0,0,0,0,0,0,0,0,0,0
325012,0,0,0,0,0,0,0,0,0,0,0,0,0,0,0,0,0,0
19327,0,0,0,0,0,0,0,0,0,0,0,0,0,0,0,0,0,0
38757,0,0,0,0,0,0,0,0,0,0,0,0,0,0,0,0,0,0
25051,0,0,0,0,0,0,0,0,0,0,0,0,0,0,0,0,0,0
51876,0,0,0,0,0,0,0,0,0,0,0,0,0,0,0,0,0,0
25446,0,0,0,0,0,0,0,0,0,0,0,0,0,0,0,0,0,0
24230,0,0,0,0,0,0,0,0,0,0,0,0,0,0,0,0,0,0
414990,0,0,0,0,0,0,0,0,0,0,0,0,0,0,0,0,0,0
774223,0,0,0,0,0,0,0,0,0,0,0,0,0,0,0,0,0,0
489889,0,0,0,0,0,0,0,0,0,0,0,0,0,0,0,0,0,0
379504,0,0,0,0,0,0,0,0,0,0,0,0,0,0,0,0,0,0
625383,0,0,0,0,0,0,0,0,0,0,0,0,0,0,0,0,0,0
8526,0,0,0,0,0,0,0,0,0,0,0,0,0,0,0,0,0,0
232359,0,0,0,0,0,0,0,0,0,0,0,0,0,0,0,0,0,0
43695,0,0,0,0,0,0,0,0,0,0,0,0,0,0,0,0,0,0
28794,0,0,0,0,0,0,0,0,0,0,0,0,0,0,0,0,0,0
681117,0,0,0,0,0,0,0,0,0,0,0,0,0,0,0,0,0,0
524048,0,0,0,0,0,0,0,0,0,0,0,0,0,0,0,0,0,0
22442,0,0,0,0,0,0,0,0,0,0,0,0,0,0,0,0,0,0
7115,0,0,0,0,0,0,0,0,0,0,0,0,0,0,0,0,0,0
350629,0,0,0,0,0,0,0,0,0,0,0,0,0,0,0,0,0,0
17119,0,0,0,0,0,0,0,0,0,0,0,0,0,0,0,0,0,0
50432,0,0,0,0,0,0,0,0,0,0,0,0,0,0,0,0,0,0
524845,0,0,0,0,0,0,0,0,0,0,0,0,0,0,0,0,0,0
341593,0,0,0,0,0,0,0,0,0,0,0,0,0,0,0,0,0,0
308251,0,0,0,0,0,0,0,0,0,0,0,0,0,0,0,0,0,0
431901,0,0,0,0,0,0,0,0,0,0,0,0,0,0,0,0,0,0
43271,0,0,0,0,0,0,0,0,0,0,0,0,0,0,0,0,0,0
51898,0,0,0,0,0,0,0,0,0,0,0,0,0,0,0,0,0,0
42362,0,0,0,0,0,0,0,0,0,0,0,0,0,0,0,0,0,0
303427,0,0,0,0,0,0,0,0,0,0,0,0,0,0,0,0,0,0
43547,0,0,0,0,0,0,0,0,0,0,0,0,0,0,0,0,0,0
1122557,0,0,0,0,0,0,0,0,0,0,0,0,0,0,0,0,0,0
41434,0,0,0,0,0,0,0,0,0,0,0,0,0,0,0,0,0,0
333000,0,0,0,0,0,0,0,0,0,0,0,0,0,0,0,0,0,0
43906,0,0,0,0,0,0,0,0,0,0,0,0,0,0,0,0,0,0
55395,0,0,0,0,0,0,0,0,0,0,0,0,0,0,0,0,0,0
43277,0,0,0,0,0,0,0,0,0,0,0,0,0,0,0,0,0,0
6145,0,0,0,0,0,0,0,0,0,0,0,0,0,0,0,0,0,0
40572,0,0,0,0,0,0,0,0,0,0,0,0,0,0,0,0,0,0
50844,0,0,0,0,0,0,0,0,0,0,0,0,0,0,0,0,0,0
7302,0,0,0,0,0,0,0,0,0,0,0,0,0,0,0,0,0,0
52045,0,0,0,0,0,0,0,0,0,0,0,0,0,0,0,0,0,0
235514,0,0,0,0,0,0,0,0,0,0,0,0,0,0,0,0,0,0
495964,0,0,0,0,0,0,0,0,0,0,0,0,0,0,0,0,0,0
12879,0,0,0,0,0,0,0,0,0,0,0,0,0,0,0,0,0,0
332996,0,0,0,0,0,0,0,0,0,0,0,0,0,0,0,0,0,0
1126253,0,0,0,0,0,0,0,0,0,0,0,0,0,0,0,0,0,0
52047,0,0,0,0,0,0,0,0,0,0,0,0,0,0,0,0,0,0
670025,0,0,0,0,0,0,0,0,0,0,0,0,0,0,0,0,0,0
56029,0,0,0,0,0,0,0,0,0,0,0,0,0,0,0,0,0,0
44410,0,0,0,0,0,0,0,0,0,0,0,0,0,0,0,0,0,0
919549,0,0,0,0,0,0,0,0,0,0,0,0,0,0,0,0,0,0
49619,0,0,0,0,0,0,0,0,0,0,0,0,0,0,0,0,0,0
52812,0,0,0,0,0,0,0,0,0,0,0,0,0,0,0,0,0,0
524049,0,0,0,0,0,0,0,0,0,0,0,0,0,0,0,0,0,0
48454,0,0,0,0,0,0,0,0,0,0,0,0,0,0,0,0,0,0
348034,0,0,0,0,0,0,0,0,0,0,0,0,0,0,0,0,0,0
350632,0,0,0,0,0,0,0,0,0,0,0,0,0,0,0,0,0,0
55814,0,0,0,0,0,0,0,0,0,0,0,0,0,0,0,0,0,0
52672,0,0,0,0,0,0,0,0,0,0,0,0,0,0,0,0,0,0
440990,0,0,0,0,0,0,0,0,0,0,0,0,0,0,0,0,0,0
319746,0,0,0,0,0,0,0,0,0,0,0,0,0,0,0,0,0,0
34102,0,0,0,0,0,0,0,0,0,0,0,0,0,0,0,0,0,0
